lng,lat
115.8465905,-31.96681633
115.8460888,-31.9666075
115.839342,-31.9665665
115.8464823,-31.96625667
115.8461833,-31.96623417
115.8395652,-31.96611167
115.846759,-31.96588517
115.8397102,-31.96578317
115.8398117,-31.965683
115.8841128,-31.96558417
115.8462837,-31.96551867
115.8398657,-31.9654695
115.8838175,-31.9654195
115.8398845,-31.965377
115.8399463,-31.96537317
115.8399435,-31.96537217
115.8399263,-31.96537067
115.8399058,-31.96536667
115.8399512,-31.9653665
115.8399683,-31.96536533
115.8399547,-31.96536433
115.8398795,-31.96536383
115.8399463,-31.96536383
115.8399657,-31.9653635
115.8399433,-31.9653605
115.8399453,-31.96535983
115.839986,-31.96535767
115.8398652,-31.965357
115.8399443,-31.9653525
115.839862,-31.96535033
115.839922,-31.96534767
115.839905,-31.96534583
115.8398727,-31.965343
115.8398983,-31.965327
115.839892,-31.96532483
115.8398918,-31.9653245
115.8399072,-31.96532333
115.839905,-31.96532317
115.8398953,-31.9653215
115.8399093,-31.96531983
115.8399038,-31.9653195
115.839924,-31.9653175
115.839904,-31.9653145
115.8398747,-31.9653135
115.8399342,-31.9653135
115.8399327,-31.96531183
115.8463443,-31.96530367
115.8398473,-31.96530317
115.8398323,-31.96528783
115.839855,-31.96527333
115.8399183,-31.9652685
115.8399528,-31.96526133
115.8399795,-31.9652555
115.8400038,-31.96525117
115.8398282,-31.96524933
115.8398202,-31.96524567
115.8399857,-31.96524433
115.8398585,-31.965244
115.839932,-31.96523917
115.8398905,-31.9652385
115.8399777,-31.9652385
115.8398248,-31.96523733
115.839954,-31.965237
115.8400235,-31.96523483
115.8398763,-31.96523367
115.8398345,-31.96523133
115.8466757,-31.96523017
115.8398625,-31.9652295
115.8398298,-31.96522933
115.840073,-31.96522883
115.8398322,-31.965227
115.839862,-31.965225
115.8398338,-31.96522483
115.8400863,-31.96522267
115.8399305,-31.9652225
115.8398277,-31.96522083
115.8398503,-31.9652205
115.8398552,-31.9652205
115.839809,-31.96521983
115.8398758,-31.96521967
115.8398402,-31.96521933
115.8398503,-31.96521933
115.8398168,-31.96521867
115.839904,-31.96521867
115.8398402,-31.96521217
115.8401105,-31.96521217
115.839837,-31.96520817
115.8399168,-31.965207
115.8398477,-31.965205
115.8398375,-31.96520383
115.839845,-31.96520367
115.8399278,-31.965202
115.8398373,-31.965201
115.8401635,-31.96520017
115.8398528,-31.96519933
115.8398727,-31.96519683
115.8398993,-31.96519633
115.8402247,-31.96519033
115.8399015,-31.96518167
115.839902,-31.9651645
115.839864,-31.96515617
115.8834008,-31.96515567
115.8836718,-31.96514917
115.8398888,-31.96514717
115.8398587,-31.96512283
115.8398362,-31.96512217
115.839825,-31.96512183
115.8398352,-31.9651205
115.8398295,-31.96511817
115.8398167,-31.9651035
115.8469212,-31.96497533
115.8403862,-31.96497
115.8829762,-31.96489133
115.8829347,-31.96474683
115.8827255,-31.9647275
115.8406838,-31.96471033
115.8410125,-31.96449233
115.8464883,-31.9644845
115.8822767,-31.964468
115.8465197,-31.96437333
115.8822477,-31.96434367
115.8820363,-31.9643145
115.8468572,-31.96422417
115.8413138,-31.964224
115.8470757,-31.96408417
115.8815825,-31.9640545
115.8749832,-31.96405417
115.8758312,-31.96404
115.881565,-31.96393367
115.8741878,-31.9639215
115.8813397,-31.96389617
115.876647,-31.96386983
115.8417675,-31.963826
115.8734117,-31.96366933
115.8808957,-31.96363933
115.8773752,-31.96357917
115.8729612,-31.963519
115.880886,-31.96351133
115.846686,-31.96348533
115.88066,-31.9634785
115.846691,-31.96344833
115.8725382,-31.963361
115.8422948,-31.9633195
115.8801463,-31.96329317
115.8799072,-31.96323817
115.8778908,-31.96323683
115.8472208,-31.9632275
115.8793178,-31.96316817
115.8718242,-31.96312983
115.8791527,-31.96309267
115.8802323,-31.96303883
115.8470742,-31.96300483
115.8430978,-31.962947
115.8781202,-31.96294683
115.8710803,-31.962901
115.8786798,-31.9628145
115.8786555,-31.962814
115.8782242,-31.9627515
115.8439662,-31.9627045
115.87826,-31.96269667
115.8782755,-31.9626955
115.8782645,-31.9626945
115.8782722,-31.96269433
115.8782797,-31.96269433
115.8782893,-31.96269367
115.8782822,-31.962692
115.878286,-31.96269133
115.8783158,-31.96266967
115.8703442,-31.96265033
115.8785562,-31.96264833
115.8785593,-31.96264417
115.8785553,-31.96264367
115.8785545,-31.9626415
115.8785593,-31.96264117
115.8785563,-31.96263933
115.8785552,-31.96263767
115.8785567,-31.96263517
115.8785557,-31.96263367
115.878556,-31.9626305
115.846856,-31.962527
115.8797562,-31.96251933
115.8447613,-31.96249667
115.846874,-31.96249067
115.8784563,-31.96246317
115.8784817,-31.96242633
115.8696112,-31.96241867
115.8473812,-31.96238317
115.8454702,-31.96229533
115.8782825,-31.96225283
115.8688772,-31.96219083
115.8792658,-31.96217533
115.8460702,-31.9621465
115.8788182,-31.96212417
115.8782085,-31.96211683
115.8465273,-31.96201667
115.8472677,-31.96198467
115.8681397,-31.96193533
115.8776933,-31.96183267
115.8776763,-31.96179733
115.8674042,-31.96169067
115.847017,-31.961598
115.8769623,-31.96156533
115.8464802,-31.96155133
115.8770162,-31.96151967
115.847552,-31.9614755
115.8666813,-31.96144917
115.8470992,-31.96127583
115.8762625,-31.96125717
115.8763558,-31.96123933
115.8659432,-31.96121833
115.8755662,-31.96098283
115.8652088,-31.9609785
115.8757037,-31.96097483
115.8475318,-31.96096483
115.8462752,-31.96083967
115.8750873,-31.96081517
115.8750155,-31.960791
115.8746188,-31.960784
115.8746428,-31.96077867
115.8746568,-31.960775
115.8746783,-31.96077267
115.8747182,-31.9607635
115.8747565,-31.96076167
115.8747668,-31.96076167
115.8747803,-31.9607615
115.8748547,-31.960756
115.8748223,-31.96074517
115.8748437,-31.9607385
115.8747998,-31.96071083
115.8748002,-31.96070367
115.8471933,-31.96069333
115.874782,-31.96069033
115.874513,-31.96068783
115.8644698,-31.9606835
115.8746182,-31.960599
115.8740427,-31.960593
115.8745085,-31.96058183
115.8478408,-31.9605145
115.8739972,-31.96041383
115.8641183,-31.96039067
115.8746503,-31.96036183
115.8636298,-31.96035017
115.8636015,-31.96034933
115.8731772,-31.96031667
115.847344,-31.96027567
115.873361,-31.9602285
115.8748595,-31.96020933
115.862901,-31.960101
115.8642778,-31.96005767
115.8723845,-31.96004783
115.8627848,-31.96004767
115.8726947,-31.96001683
115.8461,-31.960016
115.8748815,-31.95995667
115.8479935,-31.95994083
115.8621998,-31.9598695
115.8474747,-31.95984417
115.871728,-31.959827
115.8720288,-31.959796
115.8618655,-31.95974417
115.8711358,-31.959722
115.8712988,-31.95970783
115.8711495,-31.95970717
115.8711632,-31.9596785
115.8614857,-31.95963433
115.875112,-31.95962917
115.8709022,-31.959621
115.8713495,-31.95959267
115.8483098,-31.95958783
115.8609808,-31.95947967
115.8751235,-31.95947083
115.85482,-31.95943867
115.864508,-31.959426
115.8607703,-31.95941683
115.8515317,-31.95941667
115.8702642,-31.9593935
115.8706605,-31.959375
115.8751027,-31.95936583
115.8750228,-31.95935283
115.8750288,-31.95935283
115.8477273,-31.95935117
115.874862,-31.95929117
115.8546947,-31.95928133
115.8553183,-31.95926983
115.8752443,-31.95924367
115.8601597,-31.959226
115.8600985,-31.95918267
115.8460122,-31.95917317
115.8699643,-31.959152
115.8695472,-31.95914867
115.8743622,-31.95914833
115.8519523,-31.95913017
115.8553878,-31.95908617
115.8478358,-31.95903867
115.8594367,-31.9589985
115.8754257,-31.958978
115.8486732,-31.95897667
115.8594872,-31.95896633
115.8737535,-31.95895383
115.8692798,-31.958943
115.875408,-31.95892533
115.8647705,-31.95892283
115.85413,-31.958905
115.8688385,-31.95889467
115.8753732,-31.95888583
115.8588305,-31.958822
115.8731973,-31.95878383
115.8489693,-31.95875733
115.8686567,-31.95873483
115.8589028,-31.9587285
115.8783297,-31.9587265
115.8779998,-31.95871333
115.8782072,-31.958713
115.8682165,-31.95870683
115.8785608,-31.95868383
115.8787165,-31.95868283
115.8774667,-31.95868133
115.8775257,-31.95867117
115.87731,-31.95865333
115.8788592,-31.95864817
115.8556703,-31.95861283
115.8770348,-31.9586025
115.8726612,-31.95859883
115.8789753,-31.95859817
115.8683242,-31.958591
115.8791627,-31.9585895
115.8585163,-31.9585705
115.8768677,-31.958569
115.8677065,-31.9585655
115.8766947,-31.9585355
115.8792682,-31.95852567
115.8527368,-31.958513
115.8793888,-31.9585095
115.8805595,-31.958497
115.8805645,-31.95849683
115.8805628,-31.95849667
115.8805393,-31.95849517
115.8755983,-31.95849433
115.8805408,-31.9584935
115.8805372,-31.95849317
115.8805498,-31.95849267
115.8805363,-31.95849233
115.8805495,-31.95849117
115.8805592,-31.95849033
115.8805623,-31.958489
115.8805603,-31.95848883
115.8649938,-31.9584875
115.8481242,-31.958484
115.8811667,-31.95847917
115.858454,-31.95847283
115.879417,-31.9584715
115.8796365,-31.95847117
115.876574,-31.95846683
115.8805707,-31.9584645
115.8805867,-31.95845817
115.8805892,-31.95845083
115.8650015,-31.95845033
115.8806635,-31.95844733
115.8650028,-31.9584435
115.8806288,-31.95844133
115.8679083,-31.95844067
115.8806437,-31.95844033
115.8721912,-31.95843783
115.8806525,-31.95843267
115.8757035,-31.95843083
115.8806675,-31.95842867
115.880658,-31.958427
115.8795928,-31.95842683
115.8806618,-31.95842683
115.8796555,-31.95842483
115.8650197,-31.958421
115.8806697,-31.95842067
115.880668,-31.9584205
115.8806635,-31.9584195
115.8650125,-31.958418
115.8807103,-31.95841617
115.880657,-31.95841383
115.880631,-31.95841367
115.8806355,-31.9584105
115.8806573,-31.958408
115.8806525,-31.95840783
115.880647,-31.958404
115.879599,-31.9583995
115.8806402,-31.9583995
115.8650125,-31.95839517
115.8807823,-31.95839083
115.8796587,-31.95839067
115.8651515,-31.95839033
115.8651537,-31.95838267
115.8762727,-31.95838117
115.8651557,-31.95838033
115.8650012,-31.9583785
115.8461788,-31.95837783
115.8762977,-31.95837783
115.8649748,-31.95837683
115.8651458,-31.958372
115.8650018,-31.95837017
115.8796623,-31.95836967
115.8649922,-31.95836883
115.8650013,-31.95836767
115.8650175,-31.9583665
115.8649555,-31.9583645
115.8796352,-31.9583645
115.8650065,-31.958364
115.8816667,-31.95836083
115.8649985,-31.95835967
115.8796633,-31.95835817
115.8651342,-31.95835767
115.865058,-31.95835633
115.8649728,-31.95835567
115.8649883,-31.95835533
115.8649995,-31.9583545
115.8649555,-31.95835367
115.8649578,-31.95835233
115.8651303,-31.95835033
115.8796672,-31.95834717
115.8808872,-31.9583435
115.8651282,-31.95833917
115.8651752,-31.95833833
115.8650218,-31.9583365
115.879674,-31.95833517
115.876089,-31.95832983
115.865116,-31.9583295
115.8650377,-31.95832833
115.8796783,-31.95832767
115.8651042,-31.95832567
115.8650498,-31.958324
115.8650463,-31.95832317
115.8669637,-31.95832183
115.8650533,-31.95832167
115.8650792,-31.95832117
115.879675,-31.958321
115.8796817,-31.95831967
115.8719877,-31.95831883
115.8760998,-31.9583175
115.8796277,-31.95831583
115.8809143,-31.95831483
115.88095,-31.958313
115.8796883,-31.95830967
115.8796637,-31.958309
115.865086,-31.9583075
115.8558792,-31.95830583
115.8796572,-31.95830317
115.8651005,-31.95829617
115.8796628,-31.9582945
115.8796518,-31.9582935
115.8585727,-31.958283
115.865079,-31.95828133
115.8796132,-31.95827167
115.8650872,-31.958269
115.8796167,-31.95826817
115.8796867,-31.95826817
115.8758573,-31.958265
115.879623,-31.958265
115.8758657,-31.958263
115.8796283,-31.95825817
115.8810288,-31.95825667
115.8528048,-31.95825617
115.875851,-31.95825467
115.8481687,-31.958253
115.881068,-31.95825117
115.871983,-31.95825033
115.879628,-31.9582475
115.8796367,-31.9582475
115.8719878,-31.95824617
115.8651128,-31.95824517
115.8796322,-31.958245
115.8796373,-31.95824317
115.8756742,-31.95824267
115.8796353,-31.95824033
115.8796278,-31.95824
115.8650695,-31.95823983
115.865107,-31.9582395
115.8796342,-31.958239
115.8650127,-31.9582385
115.865029,-31.95823783
115.8796423,-31.95823667
115.8650233,-31.9582365
115.86503,-31.95823533
115.8650227,-31.95823517
115.8650812,-31.95823233
115.8650343,-31.95823133
115.8651342,-31.95823083
115.865107,-31.95822933
115.8650372,-31.958229
115.8796508,-31.9582275
115.865069,-31.95822617
115.8650807,-31.95822567
115.8650765,-31.95822317
115.8650792,-31.95822217
115.86508,-31.95822183
115.8651327,-31.95821833
115.865135,-31.95820883
115.8671432,-31.9582065
115.8651437,-31.958204
115.8651438,-31.958195
115.8651335,-31.95819167
115.8796377,-31.958191
115.8810162,-31.958189
115.8810083,-31.95818867
115.8796668,-31.95818633
115.8651355,-31.95817933
115.8758,-31.95816867
115.8757823,-31.958156
115.8651955,-31.958147
115.8720182,-31.95813883
115.8587387,-31.9581295
115.8663105,-31.95810133
115.84941,-31.958081
115.8807468,-31.95807733
115.8809133,-31.95807483
115.879679,-31.95807333
115.8799777,-31.95807067
115.8796753,-31.95807033
115.8587205,-31.95806367
115.8797103,-31.9580555
115.8800225,-31.958048
115.8806687,-31.95802633
115.8796965,-31.958026
115.8758223,-31.9580245
115.8799863,-31.95801367
115.8652443,-31.95801067
115.8798645,-31.95800717
115.8800315,-31.95800083
115.8805812,-31.95799483
115.8664477,-31.95799383
115.8800247,-31.957988
115.8805392,-31.957975
115.8799602,-31.95797367
115.8808,-31.95797133
115.8799578,-31.957965
115.8800057,-31.957956
115.8652807,-31.9579545
115.875817,-31.95794533
115.8799113,-31.957945
115.849564,-31.95794467
115.8561017,-31.95793933
115.8799218,-31.95792383
115.8806973,-31.95791633
115.8799983,-31.957907
115.8801222,-31.95790683
115.8657632,-31.95789717
115.8799918,-31.95788117
115.8800182,-31.957875
115.8653895,-31.95787067
115.8804665,-31.95786117
115.8806005,-31.95786067
115.8758983,-31.95785083
115.8654737,-31.95782467
115.8800083,-31.95782233
115.8799932,-31.95781433
115.8802377,-31.9578005
115.880387,-31.95779683
115.8800323,-31.95778667
115.8800323,-31.95778667
115.8721678,-31.95778483
115.8651422,-31.95777217
115.858836,-31.9577675
115.8657923,-31.957765
115.880042,-31.95776217
115.8800205,-31.9577565
115.88037,-31.957746
115.88037,-31.957746
115.880011,-31.9577425
115.8800537,-31.95772667
115.8800223,-31.957721
115.8759188,-31.95771933
115.8800143,-31.95771333
115.8759142,-31.95770367
115.8561053,-31.95767983
115.880068,-31.95767983
115.846516,-31.95767367
115.8800233,-31.95766867
115.8800472,-31.95765767
115.8483955,-31.957618
115.875979,-31.95760567
115.8800492,-31.9575965
115.8656905,-31.95759183
115.880109,-31.957566
115.880109,-31.957566
115.8574488,-31.95755433
115.859019,-31.95754783
115.8759792,-31.9575405
115.8801062,-31.95751933
115.8651103,-31.9575135
115.8800748,-31.95751167
115.8646462,-31.9574975
115.8760048,-31.95749633
115.8801228,-31.95749417
115.8801538,-31.95749033
115.8483395,-31.95748583
115.8723292,-31.957481
115.8548002,-31.95747983
115.875975,-31.95747767
115.856527,-31.957438
115.880202,-31.95741183
115.880105,-31.95740083
115.8590193,-31.95739233
115.855713,-31.9573875
115.8801617,-31.95738733
115.8582897,-31.957381
115.8802295,-31.95735117
115.8760185,-31.95733967
115.876013,-31.95733133
115.8801438,-31.95731267
115.8540013,-31.9573075
115.8802102,-31.9572805
115.8802395,-31.95727567
115.8723142,-31.95727517
115.8722062,-31.95723867
115.8722012,-31.95722967
115.8801838,-31.95722683
115.8802678,-31.95722517
115.8643792,-31.95721817
115.8802285,-31.95721817
115.8758643,-31.95721383
115.8802203,-31.95719883
115.8639713,-31.95719317
115.8802865,-31.95719317
115.8802965,-31.9571715
115.8801988,-31.95716983
115.8719548,-31.95715633
115.85887,-31.95715317
115.8803042,-31.95714067
115.8802173,-31.957136
115.875804,-31.95712517
115.8803942,-31.95712317
115.8802732,-31.95712183
115.88033,-31.95711833
115.8758402,-31.95711817
115.8802932,-31.95711817
115.8803905,-31.95711717
115.8802737,-31.95711583
115.8803512,-31.957112
115.8803032,-31.95711
115.8803068,-31.9571095
115.8802553,-31.95710917
115.880382,-31.95710817
115.8802827,-31.9571065
115.8590348,-31.9571035
115.8803637,-31.957103
115.8802565,-31.9571025
115.880376,-31.9571025
115.8803075,-31.957102
115.8497318,-31.95710017
115.8803738,-31.95709883
115.8803688,-31.95709733
115.8803705,-31.95709617
115.8802908,-31.9570905
115.8803992,-31.95709033
115.8803037,-31.95708567
115.8590443,-31.95708533
115.8802863,-31.957083
115.8803102,-31.95707783
115.880303,-31.957072
115.8802972,-31.95707167
115.8803982,-31.95706633
115.8802992,-31.95706483
115.8803043,-31.95706417
115.8802947,-31.957057
115.8803077,-31.95705517
115.8803055,-31.95705417
115.8756648,-31.95704883
115.8803082,-31.95704833
115.8803005,-31.95704767
115.8802543,-31.957047
115.8802722,-31.95704467
115.8802477,-31.95704217
115.8803145,-31.95704
115.88026,-31.95703933
115.8803217,-31.95703717
115.8802788,-31.957036
115.8802512,-31.957035
115.8803065,-31.95703433
115.8803543,-31.95703333
115.8803155,-31.957033
115.8803118,-31.95703267
115.8802408,-31.95703167
115.8802878,-31.95703083
115.8802888,-31.95703033
115.8802673,-31.95702933
115.8802642,-31.95702917
115.8802915,-31.957029
115.8802712,-31.95702883
115.8802925,-31.95702883
115.8802457,-31.95702867
115.8802817,-31.9570285
115.8802638,-31.95702817
115.880276,-31.95702817
115.8802922,-31.95702783
115.8803293,-31.95702783
115.8802868,-31.95702767
115.880296,-31.9570275
115.8803088,-31.9570275
115.8802988,-31.95702717
115.8802925,-31.957027
115.8802947,-31.957027
115.8802647,-31.9570265
115.8498215,-31.95702633
115.8803368,-31.95702617
115.8802967,-31.957026
115.8802993,-31.95702517
115.8802993,-31.957024
115.8804353,-31.9570235
115.8804343,-31.95702333
115.8803027,-31.9570225
115.8802342,-31.95702167
115.8803383,-31.95702117
115.8802442,-31.95702083
115.8802993,-31.95702067
115.880275,-31.95702033
115.8803003,-31.95702033
115.8802993,-31.95702017
115.8804275,-31.95701967
115.880298,-31.95701933
115.8802808,-31.95701783
115.8715208,-31.95701767
115.8804312,-31.95701767
115.880294,-31.9570175
115.8802877,-31.957017
115.8804207,-31.95701633
115.8803165,-31.957016
115.8802983,-31.9570155
115.8803458,-31.957015
115.865686,-31.95701483
115.8802463,-31.95701483
115.8803185,-31.9570145
115.8803055,-31.957014
115.8803178,-31.9570135
115.8804085,-31.9570135
115.880237,-31.9570125
115.8803942,-31.95701133
115.8804217,-31.95701117
115.8804205,-31.95701017
115.8802483,-31.95701
115.8804122,-31.95701
115.8754787,-31.95700983
115.8802482,-31.95700883
115.8802445,-31.95700867
115.8803498,-31.95700867
115.8802462,-31.95700817
115.8803133,-31.95700667
115.8803558,-31.95700633
115.8803743,-31.95700633
115.8803172,-31.95700567
115.8804033,-31.9570055
115.8803665,-31.95700533
115.8803717,-31.95700333
115.8803708,-31.95700217
115.8803687,-31.95700183
115.8803952,-31.95700133
115.8803627,-31.95700117
115.8803643,-31.95700117
115.8803682,-31.95700117
115.8803667,-31.957001
115.8803613,-31.95700083
115.8803717,-31.95700083
115.8803728,-31.95700083
115.8803632,-31.9570005
115.8803598,-31.95700033
115.8803643,-31.95700017
115.880374,-31.95700017
115.8803625,-31.957
115.8803693,-31.95699983
115.8803965,-31.95699933
115.8803922,-31.956999
115.8803818,-31.95699883
115.8803763,-31.95699867
115.8803657,-31.95699817
115.8803738,-31.956998
115.8803757,-31.95699733
115.8803948,-31.95699717
115.8803987,-31.956997
115.8803795,-31.95699667
115.880396,-31.95699667
115.8803647,-31.95699633
115.8803558,-31.95699617
115.8803945,-31.95699583
115.8803802,-31.95699567
115.8803927,-31.9569955
115.8803225,-31.95699533
115.880306,-31.95699467
115.8803695,-31.95699417
115.8804005,-31.956994
115.880383,-31.95699333
115.8803847,-31.956992
115.8803738,-31.95699167
115.8803475,-31.956991
115.8804022,-31.95699083
115.8803547,-31.95698867
115.8803653,-31.95698817
115.8804038,-31.95698817
115.8803782,-31.956988
115.8803543,-31.95698783
115.8803673,-31.95698783
115.8803237,-31.95698683
115.8804042,-31.95698683
115.880402,-31.9569865
115.880401,-31.9569855
115.8804048,-31.956985
115.8803593,-31.95698483
115.8803963,-31.95698467
115.8803523,-31.95698433
115.8803878,-31.95698367
115.8587277,-31.9569835
115.8803675,-31.9569835
115.8803952,-31.95698283
115.8803523,-31.95698233
115.8803885,-31.95698167
115.8803845,-31.9569815
115.8803902,-31.9569815
115.880385,-31.95698133
115.8803798,-31.95698033
115.8803772,-31.95697917
115.880368,-31.95697783
115.8803735,-31.95697783
115.8803235,-31.95697717
115.8803937,-31.95697683
115.880397,-31.95697617
115.880369,-31.95697533
115.8803702,-31.95697517
115.8803988,-31.95697383
115.8803568,-31.95697183
115.8803698,-31.95697117
115.8803827,-31.9569705
115.8803295,-31.95697
115.8804018,-31.95697
115.8803468,-31.9569655
115.880396,-31.9569655
115.8636185,-31.956963
115.8803353,-31.9569605
115.8803383,-31.95695833
115.8589215,-31.95695817
115.8803378,-31.956956
115.8803365,-31.95695217
115.8803392,-31.95695167
115.8753872,-31.95694867
115.8584723,-31.95693
115.863248,-31.95692183
115.8469827,-31.956919
115.8561578,-31.95691483
115.8590967,-31.95689483
115.8712077,-31.956887
115.8583223,-31.9568785
115.8584653,-31.956875
115.871112,-31.95685483
115.859126,-31.95684033
115.8584308,-31.95683433
115.8710683,-31.95682883
115.8583132,-31.95682433
115.8708292,-31.95682183
115.8481797,-31.9568105
115.8710915,-31.9568035
115.8582725,-31.9567885
115.874847,-31.956786
115.8482323,-31.956773
115.8591828,-31.95676433
115.8711137,-31.95676117
115.8582167,-31.95673317
115.8747522,-31.95673283
115.8747585,-31.9567255
115.8628508,-31.956722
115.8657978,-31.95671433
115.8711683,-31.95671217
115.8711505,-31.95670867
115.858207,-31.95670583
115.8625173,-31.9566725
115.8581758,-31.95666633
115.8547877,-31.95665567
115.8593353,-31.9566515
115.8702715,-31.9566395
115.8578227,-31.95663533
115.8567483,-31.95661833
115.859232,-31.95661683
115.8567535,-31.95661583
115.8712037,-31.95661467
115.8567482,-31.9566145
115.8567547,-31.9566145
115.8567492,-31.956613
115.8567557,-31.95660767
115.85681,-31.9566045
115.8567485,-31.9566035
115.8577362,-31.95660333
115.8567648,-31.956602
115.8568682,-31.9565995
115.8567927,-31.9565975
115.8567842,-31.95659567
115.8567638,-31.95659433
115.8568117,-31.956594
115.8567788,-31.956593
115.8567537,-31.95659067
115.8568138,-31.95658933
115.8568053,-31.95658917
115.8567557,-31.9565885
115.8567672,-31.95658767
115.8568152,-31.95658733
115.8567585,-31.956586
115.8567622,-31.9565855
115.8568235,-31.9565855
115.8567813,-31.95658417
115.8547242,-31.956584
115.8568373,-31.95658383
115.856825,-31.95658333
115.856776,-31.956582
115.8568005,-31.9565815
115.8567945,-31.95658083
115.8567697,-31.95658067
115.8567928,-31.95658017
115.8568283,-31.95657867
115.856765,-31.95657817
115.8568505,-31.95657783
115.8568102,-31.95657683
115.8568195,-31.9565765
115.8568515,-31.95657417
115.8568563,-31.956574
115.8579795,-31.95657383
115.8568115,-31.9565725
115.8568138,-31.95656583
115.8568185,-31.95656333
115.8567805,-31.95656183
115.8567932,-31.95655983
115.856856,-31.95655617
115.8712015,-31.9565545
115.8568178,-31.95655333
115.8568693,-31.95654967
115.8568195,-31.95654067
115.8568348,-31.9565205
115.8712535,-31.95651483
115.856097,-31.95650667
115.856923,-31.95650317
115.87409,-31.95650233
115.8740887,-31.9564925
115.856836,-31.95649117
115.8621753,-31.9564865
115.8739663,-31.95647983
115.8712522,-31.9564615
115.8569375,-31.956459
115.8696768,-31.95645133
115.8659058,-31.95644767
115.8712692,-31.95644583
115.8617948,-31.95644167
115.8568525,-31.95644067
115.8571958,-31.95643833
115.8569363,-31.95643067
115.8713045,-31.9564265
115.8474237,-31.95642367
115.8712892,-31.9564155
115.8578165,-31.95638583
115.8713302,-31.956377
115.8571105,-31.956372
115.8615407,-31.956371
115.856872,-31.95636967
115.8579775,-31.956365
115.8578362,-31.956353
115.8480178,-31.95634533
115.8578823,-31.95634167
115.871363,-31.95633483
115.8735783,-31.95633417
115.856736,-31.95632567
115.8713345,-31.95632433
115.856805,-31.95631883
115.8615927,-31.95631517
115.8713882,-31.9563135
115.873553,-31.95630333
115.8582562,-31.95630033
115.8594357,-31.9562975
115.8618042,-31.9562975
115.8692178,-31.95629617
115.8595815,-31.95628567
115.8714178,-31.95628383
115.8734058,-31.95626267
115.8734078,-31.95625267
115.8714617,-31.95625017
115.8690817,-31.956249
115.8690733,-31.9562445
115.8715343,-31.9562365
115.8714968,-31.956236
115.8713987,-31.95622883
115.871578,-31.95622883
115.8715868,-31.956228
115.8715882,-31.9562275
115.871585,-31.9562265
115.8715827,-31.956226
115.8715807,-31.95622583
115.8715547,-31.95622533
115.87158,-31.956224
115.8611222,-31.95622333
115.8715767,-31.9562215
115.8715743,-31.95621667
115.8715638,-31.9562125
115.8715603,-31.95621233
115.871559,-31.95621067
115.8715532,-31.95621
115.8715433,-31.95620917
115.8689425,-31.95620883
115.8585725,-31.956208
115.8715648,-31.95620733
115.871465,-31.95620683
115.8715185,-31.95620667
115.8618095,-31.95620433
115.8479742,-31.95620217
115.8732315,-31.95619767
115.8732667,-31.9561975
115.8594562,-31.95619617
115.8585555,-31.95619317
115.8610513,-31.95619317
115.8581338,-31.95618717
115.8585323,-31.95618533
115.8581152,-31.95617683
115.858391,-31.95617233
115.8581823,-31.956168
115.8581123,-31.95616283
115.8660595,-31.95615933
115.858111,-31.95615267
115.8584778,-31.9561525
115.8617875,-31.956152
115.8583662,-31.95615033
115.858344,-31.95614667
115.8584533,-31.95614483
115.8584027,-31.95613467
115.8584005,-31.956126
115.8582982,-31.956124
115.8583272,-31.95612067
115.8583283,-31.95611217
115.8583515,-31.95611083
115.8580633,-31.95610783
115.8583785,-31.9561075
115.8580232,-31.95609883
115.8583363,-31.95609733
115.8729647,-31.95609733
115.8583627,-31.95609633
115.8581985,-31.956096
115.8478177,-31.9560955
115.8582632,-31.95609
115.860907,-31.956089
115.8581973,-31.95608533
115.8583395,-31.9560845
115.8580317,-31.9560835
115.8479788,-31.956082
115.8606783,-31.956081
115.8582893,-31.9560805
115.8728565,-31.9560805
115.8495997,-31.95607383
115.8684847,-31.9560695
115.8497148,-31.95606933
115.8583215,-31.956069
115.8581792,-31.95606867
115.8589743,-31.9560675
115.8579782,-31.956067
115.8582785,-31.95606683
115.8582538,-31.95606467
115.8580023,-31.9560645
115.8582638,-31.95606283
115.8582643,-31.95606133
115.8582275,-31.95605933
115.858179,-31.95605867
115.8580362,-31.9560575
115.858058,-31.95605617
115.8582473,-31.9560545
115.8581037,-31.95605167
115.8582868,-31.9560515
115.8479423,-31.956047
115.8580057,-31.95604617
115.8582432,-31.95604517
115.8582765,-31.95604267
115.8581692,-31.95604217
115.859545,-31.95603967
115.8580322,-31.95603883
115.8580583,-31.95603867
115.8581632,-31.95603733
115.8582312,-31.95603683
115.8580847,-31.95603617
115.8582028,-31.9560335
115.8581483,-31.95603167
115.8580537,-31.95603133
115.8605438,-31.956031
115.8596523,-31.956029
115.8581337,-31.95602883
115.858117,-31.95602767
115.8582085,-31.9560275
115.8581482,-31.956025
115.8596108,-31.95602483
115.8582145,-31.9560245
115.8595722,-31.9560245
115.8596827,-31.95602383
115.8580735,-31.95602183
115.8581475,-31.95602183
115.858053,-31.95601983
115.8581123,-31.95601767
115.872907,-31.95601333
115.872612,-31.95600967
115.8561097,-31.95600717
115.8605832,-31.956006
115.8580623,-31.9560055
115.8581885,-31.9560045
115.858146,-31.9560035
115.8665373,-31.95600033
115.8582537,-31.95599833
115.8581267,-31.9559925
115.8597003,-31.9559915
115.8583337,-31.95598567
115.8580508,-31.9559845
115.8580555,-31.95598367
115.858267,-31.95598333
115.858466,-31.95598333
115.8580738,-31.9559765
115.8581203,-31.95597117
115.8580565,-31.95596933
115.8580515,-31.95596917
115.8596562,-31.95596783
115.8662515,-31.955966
115.872969,-31.95596417
115.8725197,-31.95595933
115.8618333,-31.95595433
115.8669002,-31.955944
115.8604692,-31.95594217
115.872982,-31.95593733
115.8580405,-31.95593517
115.8580202,-31.955924
115.860248,-31.9559135
115.8586518,-31.95591333
115.8679308,-31.95589983
115.8730498,-31.95589483
115.8480995,-31.9558945
115.8601102,-31.955891
115.8602338,-31.955852
115.8598143,-31.95584267
115.8721113,-31.95583933
115.8720193,-31.9558215
115.8720193,-31.9558215
115.8589357,-31.9558025
115.8719758,-31.95578483
115.859761,-31.95577117
115.8542867,-31.95576067
115.848172,-31.95575967
115.848107,-31.9557565
115.8561247,-31.955746
115.8674477,-31.95574167
115.8584778,-31.9557355
115.8596563,-31.9557025
115.8671128,-31.9556755
115.8485383,-31.9556715
115.8590007,-31.95564433
115.8600097,-31.95563617
115.8714953,-31.95562833
115.8731427,-31.95562667
115.8597303,-31.95560833
115.8569243,-31.9555875
115.8713657,-31.95558683
115.8590433,-31.95557267
115.8620668,-31.95555383
115.8536333,-31.95553467
115.8570265,-31.95552117
115.8486625,-31.95551783
115.8597815,-31.95551017
115.8566755,-31.95550567
115.8566713,-31.95550467
115.8598915,-31.955504
115.859118,-31.95549567
115.8568555,-31.9554895
115.8599237,-31.95547267
115.8599125,-31.9554725
115.8599372,-31.95546667
115.8599212,-31.95546267
115.8566995,-31.95545233
115.8599125,-31.95544633
115.8560728,-31.95543733
115.8569952,-31.9554355
115.8492442,-31.95543383
115.8570648,-31.9554315
115.8598955,-31.95543
115.873295,-31.95541467
115.8707952,-31.9554105
115.8591437,-31.95541
115.870812,-31.9554085
115.8544445,-31.9554065
115.856817,-31.95540333
115.8568338,-31.9554015
115.857011,-31.95540117
115.8594292,-31.95539917
115.8567038,-31.955396
115.8598572,-31.9553945
115.8486558,-31.9553885
115.8570868,-31.9553655
115.8570212,-31.95536367
115.857026,-31.9553635
115.8567572,-31.95535133
115.8570315,-31.9553435
115.8570533,-31.9553425
115.8568748,-31.95533783
115.8592065,-31.95533583
115.8567398,-31.95533517
115.8579925,-31.9553275
115.8592283,-31.95532367
115.8499343,-31.95531283
115.8586785,-31.95531183
115.8560745,-31.95530483
115.8592547,-31.95530367
115.8529868,-31.955292
115.8592918,-31.9552805
115.8492747,-31.95528017
115.8568972,-31.95527883
115.8567693,-31.955276
115.8702605,-31.95527417
115.8568055,-31.95525883
115.8567645,-31.955256
115.8703372,-31.955255
115.8598975,-31.95523267
115.8560847,-31.95522433
115.8504792,-31.95521733
115.8599528,-31.95521667
115.8599975,-31.95521567
115.8569135,-31.95521217
115.862256,-31.95519233
115.8700568,-31.95519083
115.8582682,-31.95517533
115.84994,-31.955165
115.8569128,-31.955165
115.8568658,-31.95516433
115.8601167,-31.95516333
115.8566723,-31.9551605
115.853967,-31.95515517
115.8561148,-31.955147
115.8699012,-31.95514183
115.8493955,-31.95512867
115.8699225,-31.95512717
115.850659,-31.95511117
115.8524767,-31.95511067
115.8599357,-31.9551105
115.851905,-31.95510783
115.856923,-31.95510617
115.8522225,-31.9550995
115.8576208,-31.95509783
115.8561933,-31.9550955
115.849429,-31.95508867
115.8514067,-31.9550885
115.8521038,-31.95508567
115.8569355,-31.95508433
115.8561838,-31.955079
115.8521188,-31.95506917
115.8521852,-31.95506583
115.851577,-31.9550615
115.84925,-31.95506117
115.8569177,-31.95506083
115.8510362,-31.95505917
115.8521272,-31.9550565
115.8569168,-31.9550545
115.85621,-31.95505083
115.85026,-31.95504867
115.8623015,-31.95504783
115.8521288,-31.95504733
115.850843,-31.955044
115.852127,-31.95504017
115.852149,-31.95504017
115.8695997,-31.95504017
115.8562605,-31.95503783
115.8562802,-31.95503733
115.8519877,-31.95503683
115.8563088,-31.95503667
115.8562597,-31.95503183
115.8563263,-31.95503017
115.873438,-31.95502867
115.856345,-31.955017
115.852176,-31.95501567
115.8623135,-31.95501383
115.8564008,-31.95501233
115.8563738,-31.955012
115.8563682,-31.95501017
115.8564078,-31.95500467
115.8524313,-31.95500217
115.8564523,-31.95499167
115.8564893,-31.95498583
115.8564842,-31.95498333
115.8565002,-31.954977
115.856598,-31.954975
115.8565217,-31.95496833
115.856681,-31.95495617
115.8693818,-31.95495567
115.869314,-31.9549385
115.8572587,-31.95492633
115.8567568,-31.95492183
115.8509018,-31.95489617
115.8567805,-31.95489567
115.8568548,-31.954888
115.8508998,-31.95488483
115.8568682,-31.954879
115.8568908,-31.9548675
115.856932,-31.95486717
115.8623768,-31.95486167
115.856829,-31.95486067
115.856798,-31.95485833
115.8508795,-31.954857
115.8538045,-31.95485317
115.8567335,-31.95485067
115.8568123,-31.95484917
115.8690117,-31.95484783
115.8567745,-31.9548465
115.856849,-31.9548385
115.8566702,-31.95483783
115.8568483,-31.9548365
115.860131,-31.9548325
115.8569362,-31.954829
115.8568988,-31.95482767
115.8569623,-31.95482583
115.8570152,-31.9548255
115.8561227,-31.95482283
115.857053,-31.9548175
115.8569882,-31.954814
115.8570482,-31.95480667
115.8575112,-31.95480633
115.8570027,-31.95480383
115.8570148,-31.9547955
115.8569965,-31.95477067
115.8687713,-31.95475667
115.856463,-31.95471933
115.8567168,-31.9547045
115.856894,-31.9547035
115.8564925,-31.95470267
115.8567018,-31.95470183
115.8566012,-31.95470117
115.8565645,-31.9547
115.8685578,-31.95469433
115.8736005,-31.95468167
115.8601142,-31.95467133
115.8625473,-31.95465183
115.856918,-31.95464317
115.8563292,-31.95462867
115.8683343,-31.95459717
115.8540193,-31.9545765
115.8555955,-31.9545495
115.8681215,-31.95454183
115.8569735,-31.954534
115.8680882,-31.9545305
115.8680802,-31.95452217
115.8507198,-31.9545205
115.8529047,-31.9545165
115.8559148,-31.954515
115.8680377,-31.95450633
115.8680747,-31.9544905
115.868076,-31.95447517
115.8602462,-31.95446983
115.868068,-31.95446767
115.8570142,-31.95445567
115.8678048,-31.9544475
115.8736922,-31.954442
115.8679667,-31.95444117
115.877139,-31.95443667
115.8568555,-31.95442917
115.8774137,-31.95441633
115.867893,-31.95441333
115.8602745,-31.95440633
115.8677977,-31.95439183
115.860241,-31.95439117
115.860253,-31.95438117
115.860245,-31.95436383
115.8602755,-31.95436333
115.8603072,-31.954362
115.8602343,-31.95435967
115.862682,-31.95434217
115.8677002,-31.95434217
115.8554035,-31.95433467
115.8602908,-31.9543345
115.8603452,-31.95432683
115.8563505,-31.95432167
115.8602555,-31.9543195
115.8603502,-31.95431867
115.8603488,-31.95431633
115.860258,-31.954307
115.8549027,-31.95430483
115.8603793,-31.95430367
115.8602833,-31.95429067
115.8602587,-31.9542815
115.8602458,-31.95427717
115.8602533,-31.9542755
115.8602762,-31.95427317
115.8541032,-31.95427217
115.8602807,-31.954262
115.876605,-31.95426067
115.860279,-31.95424933
115.867048,-31.95417517
115.8490382,-31.954171
115.867786,-31.95416817
115.8604107,-31.954149
115.8557163,-31.9541415
115.8547995,-31.95412717
115.8761613,-31.95412633
115.862805,-31.95411417
115.8625925,-31.95411017
115.8628533,-31.95409767
115.8628335,-31.954095
115.8541457,-31.95406583
115.8488657,-31.95403733
115.8758098,-31.95403367
115.8758878,-31.954028
115.8758032,-31.9540275
115.8605208,-31.95402617
115.867775,-31.95402583
115.8757953,-31.95402467
115.8758112,-31.954024
115.8758145,-31.954021
115.8776047,-31.9540205
115.8758272,-31.95401767
115.87584,-31.95401767
115.8758358,-31.9540175
115.8758377,-31.9540175
115.8758352,-31.9540165
115.8758423,-31.95401517
115.8758435,-31.95401467
115.8758588,-31.95401467
115.8758438,-31.95401333
115.8758442,-31.95401217
115.8758455,-31.95401133
115.8758595,-31.95401067
115.875858,-31.95400917
115.8758547,-31.95400833
115.8758463,-31.95400783
115.8758492,-31.95400717
115.875851,-31.95400683
115.8758477,-31.9540065
115.8544948,-31.953982
115.8541267,-31.95396567
115.8551995,-31.95395517
115.8528037,-31.95393217
115.844265,-31.953916
115.8662657,-31.95390783
115.8738978,-31.953907
115.8544598,-31.9539025
115.8504413,-31.95389767
115.8629767,-31.95388817
115.873963,-31.953882
115.875428,-31.95388133
115.8628913,-31.9538785
115.8619617,-31.95387267
115.8605813,-31.953864
115.8526873,-31.95385567
115.852688,-31.95385033
115.8436547,-31.95383467
115.8542717,-31.95383417
115.8546648,-31.953799
115.8527387,-31.95379733
115.8543782,-31.95376783
115.8527517,-31.95376733
115.8451053,-31.9537655
115.8535073,-31.95376233
115.8527447,-31.953728
115.8679125,-31.9537145
115.8749515,-31.95369117
115.8431512,-31.9536645
115.8528263,-31.95366367
115.8654857,-31.953645
115.8546223,-31.95363917
115.8612303,-31.95363383
115.8529,-31.953601
115.8745078,-31.9535665
115.8529542,-31.95355267
115.8606175,-31.95355233
115.8741875,-31.95355233
115.8530237,-31.95350317
115.8632075,-31.953496
115.853093,-31.95346533
115.8427953,-31.9534635
115.8531175,-31.9534625
115.8459752,-31.95346233
115.8502673,-31.9534585
115.8607007,-31.95345667
115.8531933,-31.95342717
115.8678223,-31.95339517
115.8631842,-31.95339083
115.8777808,-31.95337583
115.864684,-31.95337017
115.8605198,-31.95335083
115.8602437,-31.95334733
115.860273,-31.95334317
115.8603245,-31.953341
115.8605188,-31.95334017
115.8603048,-31.95333983
115.8604662,-31.95333883
115.8604572,-31.95333733
115.8603135,-31.95333317
115.8602917,-31.953333
115.8602133,-31.9533325
115.8604728,-31.95332567
115.8601603,-31.95332167
115.8424627,-31.953321
115.8601882,-31.95331317
115.8603268,-31.95331233
115.8604167,-31.95331083
115.8603803,-31.953309
115.8603725,-31.95330433
115.8603888,-31.95330267
115.8600813,-31.95329983
115.8608432,-31.95329967
115.8603575,-31.95329667
115.8599167,-31.95329283
115.8603427,-31.9532825
115.8599682,-31.95327583
115.8603503,-31.953274
115.8603395,-31.95327217
115.8505413,-31.95326233
115.8608088,-31.95326117
115.8599085,-31.95326067
115.848697,-31.95323767
115.85976,-31.95322717
115.8599038,-31.95322167
115.8547677,-31.9532125
115.8426027,-31.95320267
115.8596562,-31.95319883
115.8598833,-31.95319517
115.8426002,-31.95319483
115.8593542,-31.95318783
115.8596735,-31.95318567
115.8593607,-31.95317933
115.859326,-31.95317883
115.8596038,-31.9531675
115.8419318,-31.95316633
115.8592438,-31.95316467
115.8593555,-31.95316383
115.8633908,-31.953163
115.8742147,-31.95316183
115.859475,-31.95315433
115.859349,-31.953151
115.8593383,-31.95314333
115.8593233,-31.95313683
115.859395,-31.95313333
115.8593005,-31.95313117
115.8591543,-31.95312833
115.8592897,-31.953127
115.8633532,-31.9531225
115.8592878,-31.95312167
115.8509442,-31.95311117
115.8469323,-31.9530985
115.8638805,-31.953088
115.8678393,-31.95308333
115.859116,-31.9530765
115.8576642,-31.95306283
115.8576888,-31.95306217
115.8577155,-31.95305717
115.8590683,-31.95305583
115.8577193,-31.95305483
115.857721,-31.95305433
115.857717,-31.953046
115.8577105,-31.9530405
115.8576515,-31.95303933
115.8576995,-31.953038
115.8484968,-31.953036
115.8576885,-31.95303483
115.8589635,-31.953031
115.8576783,-31.95302883
115.8576318,-31.95302783
115.857642,-31.95302717
115.8576178,-31.953027
115.8576152,-31.95302683
115.8576493,-31.95302633
115.8576265,-31.953026
115.8576677,-31.95302533
115.8576288,-31.95302283
115.8576292,-31.95302283
115.8576355,-31.953018
115.8576415,-31.95301367
115.8576377,-31.9530095
115.8576173,-31.953009
115.8588153,-31.95300367
115.8576393,-31.9530005
115.8576238,-31.95299383
115.8576442,-31.95299317
115.8576338,-31.95298883
115.8586245,-31.95298867
115.8576403,-31.9529865
115.8424692,-31.95298583
115.8576462,-31.95297533
115.8630168,-31.9529695
115.851002,-31.95296683
115.857657,-31.95296067
115.8412928,-31.95295
115.8576585,-31.95294717
115.8548795,-31.95293983
115.8584437,-31.95293783
115.8576757,-31.952937
115.857674,-31.9529345
115.8576963,-31.9529255
115.8577072,-31.95291067
115.863225,-31.95290567
115.857716,-31.95290433
115.8509317,-31.95289967
115.8577467,-31.95289033
115.8583083,-31.95289017
115.850928,-31.95288967
115.857686,-31.95287883
115.8427175,-31.9528725
115.842747,-31.95287233
115.8509292,-31.95287167
115.8677722,-31.95287117
115.8423513,-31.952868
115.8427748,-31.952868
115.8426107,-31.95286717
115.8581268,-31.95285917
115.8508922,-31.95285
115.8427057,-31.95284117
115.842795,-31.95282517
115.8580037,-31.95282417
115.8609937,-31.952824
115.85777,-31.95281983
115.8579063,-31.95280783
115.8630855,-31.9528045
115.840769,-31.95278683
115.8611092,-31.95278617
115.8623392,-31.95278417
115.8577892,-31.95277567
115.8426273,-31.95275617
115.8427937,-31.95275567
115.8422418,-31.95273933
115.8422317,-31.952733
115.8422323,-31.952731
115.8422332,-31.95272283
115.8422337,-31.95272183
115.842234,-31.95272167
115.8479468,-31.952718
115.8627785,-31.952717
115.8422407,-31.9527145
115.8422333,-31.952713
115.8424983,-31.95271283
115.8422392,-31.95271267
115.8422525,-31.95271217
115.8422457,-31.9527095
115.842253,-31.95270833
115.842264,-31.95270833
115.8422703,-31.9527065
115.8422747,-31.95270633
115.8422547,-31.95270517
115.8423695,-31.95270333
115.8422795,-31.95270283
115.842254,-31.95270133
115.8424133,-31.95269933
115.8422858,-31.95269867
115.8578362,-31.95269867
115.8422563,-31.952696
115.842347,-31.95269167
115.8422922,-31.95269
115.842296,-31.952687
115.842299,-31.9526845
115.842265,-31.9526835
115.8423322,-31.9526825
115.854999,-31.9526795
115.842305,-31.95267617
115.8422765,-31.95266967
115.8423097,-31.95266733
115.857844,-31.952667
115.8404312,-31.95266517
115.842311,-31.95266267
115.8423077,-31.952661
115.8578265,-31.952654
115.8775215,-31.95265183
115.8502935,-31.952651
115.8422983,-31.95265067
115.8423163,-31.95264033
115.8578508,-31.95263983
115.8578533,-31.9526395
115.842312,-31.95263867
115.8578695,-31.95263617
115.8578702,-31.95263533
115.8578758,-31.952635
115.8578812,-31.952635
115.857855,-31.95263383
115.8423495,-31.95263333
115.8423322,-31.95263067
115.8577995,-31.95261833
115.8423392,-31.95261333
115.8423498,-31.95261133
115.8575757,-31.95261033
115.8575538,-31.9526085
115.8423473,-31.95260833
115.8575907,-31.95260767
115.8576538,-31.95260517
115.8576017,-31.9526045
115.857613,-31.952601
115.8423463,-31.95259833
115.8423603,-31.95259767
115.8423667,-31.952597
115.8576253,-31.952595
115.8575295,-31.95259383
115.8423533,-31.9525895
115.8423572,-31.95258083
115.8575162,-31.9525685
115.8616795,-31.95253967
115.8427843,-31.95253767
115.8574753,-31.9525255
115.8622233,-31.95251433
115.8611392,-31.95251
115.8621472,-31.9525005
115.8573688,-31.95247833
115.8573513,-31.95246167
115.8745032,-31.952447
115.8677852,-31.95242967
115.8573012,-31.95242667
115.8495218,-31.952414
115.861235,-31.95240833
115.8488578,-31.952408
115.8610838,-31.95240733
115.8567865,-31.9524065
115.8617272,-31.95240383
115.8567878,-31.95240333
115.8616327,-31.95240317
115.8567902,-31.952403
115.8567948,-31.952395
115.8567923,-31.9523885
115.8567953,-31.95238733
115.8616002,-31.95238467
115.856791,-31.95238
115.8567873,-31.95237867
115.8567858,-31.952373
115.8567982,-31.952369
115.8613287,-31.95236783
115.8567885,-31.95236317
115.8615642,-31.952362
115.8611243,-31.95236033
115.8404718,-31.95235633
115.8568097,-31.95235183
115.856796,-31.95234617
115.856814,-31.95234467
115.8611342,-31.95233933
115.8615293,-31.952339
115.8568747,-31.95233733
115.8568752,-31.95233683
115.861562,-31.95233583
115.8568783,-31.95233433
115.8568185,-31.95233417
115.8615705,-31.95233383
115.8611332,-31.9523335
115.8615832,-31.95233317
115.8611352,-31.95233267
115.8615517,-31.95233267
115.8567995,-31.95233233
115.8615288,-31.95233233
115.8611327,-31.952332
115.8568847,-31.95233067
115.8568803,-31.95233017
115.8611312,-31.95232833
115.8568802,-31.952328
115.8615392,-31.95232783
115.8568662,-31.95232717
115.856993,-31.95232717
115.8615898,-31.952327
115.856867,-31.95232667
115.8568247,-31.95232567
115.8568663,-31.9523255
115.8568818,-31.95232317
115.861588,-31.95232233
115.861137,-31.95232167
115.8568938,-31.9523215
115.8568728,-31.952321
115.856883,-31.952319
115.8568977,-31.952319
115.8568985,-31.95231883
115.8568013,-31.95231817
115.8568965,-31.95231817
115.856881,-31.952317
115.8568777,-31.95231667
115.8615838,-31.9523165
115.861583,-31.95231617
115.8568792,-31.95231583
115.8568985,-31.95231583
115.8615852,-31.95231583
115.8568277,-31.95231533
115.8568722,-31.95231483
115.8616383,-31.95231417
115.8607917,-31.952314
115.8569025,-31.95231083
115.8569045,-31.95230967
115.856904,-31.9523075
115.8568235,-31.952306
115.8569033,-31.95230583
115.856902,-31.95230533
115.8568777,-31.95230483
115.8615313,-31.95230333
115.8568212,-31.95230283
115.8568127,-31.9523015
115.8568827,-31.95229567
115.8568212,-31.952292
115.8568173,-31.95228983
115.8485415,-31.95228967
115.8568882,-31.95228867
115.8552007,-31.95228833
115.8568835,-31.95228733
115.8568902,-31.95228417
115.8568298,-31.95228217
115.856836,-31.95227933
115.8568883,-31.95227633
115.8568517,-31.95227167
115.8568583,-31.95227117
115.8568272,-31.95227017
115.8568468,-31.952269
115.8568918,-31.95226417
115.8568682,-31.95226233
115.8568582,-31.95226117
115.8568368,-31.95225567
115.8568355,-31.95225483
115.8568938,-31.95225383
115.8568347,-31.95225367
115.85688,-31.95225333
115.8568557,-31.95225267
115.8568912,-31.952252
115.8568573,-31.95225167
115.8568657,-31.9522495
115.8568387,-31.952249
115.8568398,-31.952247
115.8568895,-31.95224633
115.8568478,-31.95224233
115.8568623,-31.95223867
115.8568538,-31.95223533
115.8568613,-31.95223
115.8568723,-31.95222067
115.8613028,-31.952213
115.8567755,-31.95220317
115.8429685,-31.95214883
115.8430715,-31.95212283
115.8566302,-31.95211767
115.8614607,-31.9520865
115.860077,-31.95208483
115.8562785,-31.9520355
115.8678253,-31.95203533
115.8484312,-31.95202967
115.8771437,-31.95202733
115.8553032,-31.9520265
115.8552713,-31.952005
115.8552595,-31.95199133
115.8552472,-31.95198333
115.8552398,-31.9519785
115.8552297,-31.95197117
115.855194,-31.95196417
115.8750575,-31.9519615
115.855166,-31.9519585
115.8551438,-31.95195517
115.8551318,-31.951954
115.8551232,-31.95195133
115.8551107,-31.95194633
115.8551018,-31.95194
115.8550965,-31.95193467
115.8550902,-31.951928
115.8550925,-31.951927
115.8550945,-31.951927
115.8550945,-31.95192583
115.8550963,-31.95192383
115.8550962,-31.95192333
115.8551028,-31.951923
115.8551155,-31.95189483
115.8557703,-31.951856
115.8614915,-31.95184667
115.8616337,-31.95180517
115.8551955,-31.9517985
115.875768,-31.95178967
115.8594598,-31.9517625
115.855367,-31.951758
115.8679345,-31.9517555
115.8407542,-31.95173467
115.8764052,-31.95170083
115.8768535,-31.95168717
115.8616918,-31.951645
115.8770205,-31.951614
115.8768055,-31.95161033
115.8432067,-31.95160683
115.876783,-31.9516025
115.8433517,-31.95159867
115.8680398,-31.95153167
115.8770538,-31.95152167
115.8616683,-31.95144267
115.8588802,-31.951427
115.8431925,-31.95140167
115.8769863,-31.951383
115.8767495,-31.95134433
115.8434388,-31.951331
115.861643,-31.951324
115.8487748,-31.95132067
115.8427478,-31.95123483
115.85842,-31.951231
115.8409585,-31.9512075
115.8767953,-31.95120267
115.8682225,-31.95115617
115.8435683,-31.951147
115.8582483,-31.951124
115.876905,-31.95111883
115.8588608,-31.95108917
115.8590923,-31.951089
115.858143,-31.9510885
115.8582847,-31.95107917
115.8423878,-31.9510775
115.8582823,-31.95107333
115.8582543,-31.95107317
115.8582983,-31.951072
115.8582522,-31.95106967
115.8583442,-31.951066
115.8583252,-31.9510645
115.8582993,-31.95106417
115.8582982,-31.95105767
115.8583103,-31.95105767
115.8583557,-31.95105267
115.8583652,-31.95104417
115.8487913,-31.951044
115.8583678,-31.95103567
115.858487,-31.951031
115.858363,-31.951029
115.8617523,-31.95102317
115.8767533,-31.95101867
115.8585902,-31.951015
115.8768622,-31.951014
115.8592408,-31.95101167
115.849377,-31.9509955
115.8578432,-31.95095933
115.8489843,-31.95093183
115.8423093,-31.95091233
115.8435353,-31.950894
115.8575578,-31.9508705
115.8436332,-31.950869
115.876568,-31.95086583
115.8411275,-31.9508195
115.8684003,-31.95081717
115.8594173,-31.95080567
115.8572305,-31.95078083
115.8484935,-31.95077117
115.8593983,-31.95075733
115.8618313,-31.95074867
115.8424305,-31.95074567
115.8764392,-31.95073933
115.8495342,-31.95071817
115.8424472,-31.9507015
115.8424445,-31.95070067
115.842443,-31.95069683
115.842442,-31.9506955
115.8568918,-31.950695
115.8424442,-31.9506945
115.8437437,-31.95069183
115.8424487,-31.95069117
115.842457,-31.95068467
115.8424467,-31.950684
115.8424618,-31.95067967
115.842443,-31.9506745
115.8767757,-31.95067217
115.8424773,-31.95066317
115.8424973,-31.95064133
115.8425115,-31.9506285
115.842521,-31.95061017
115.8684927,-31.95058267
115.8764257,-31.950579
115.842525,-31.95057867
115.8565527,-31.950577
115.847927,-31.95057133
115.8436805,-31.9505685
115.862033,-31.95055183
115.8764082,-31.95054917
115.8425423,-31.95054817
115.8764042,-31.95054117
115.8594322,-31.95052983
115.8766392,-31.9505265
115.8765152,-31.950515
115.8425482,-31.950511
115.8767268,-31.95051067
115.8764912,-31.9504895
115.8764903,-31.95048633
115.8764905,-31.95048467
115.8763943,-31.95048283
115.8764875,-31.950479
115.8764885,-31.95047567
115.8763917,-31.95047233
115.8412303,-31.95046717
115.8764787,-31.95046233
115.8519098,-31.95046017
115.859496,-31.95045733
115.8764915,-31.95045633
115.8425703,-31.95045367
115.8562342,-31.95045283
115.8764638,-31.950445
115.8437872,-31.95044467
115.8764833,-31.95044367
115.8764492,-31.95043617
115.8440682,-31.95043583
115.8764057,-31.95043433
115.8440652,-31.950433
115.8440683,-31.95043133
115.8440755,-31.95042883
115.8440807,-31.9504275
115.876432,-31.95042717
115.8521977,-31.9504265
115.8440767,-31.95042467
115.876381,-31.95042433
115.8440705,-31.950423
115.8440842,-31.95042217
115.844088,-31.9504205
115.8440828,-31.95042033
115.8440588,-31.950419
115.8440833,-31.95041717
115.876379,-31.9504165
115.8440817,-31.95041483
115.8763748,-31.95041433
115.876469,-31.95041417
115.8763863,-31.95041383
115.8440822,-31.95041267
115.8763712,-31.9504115
115.8440705,-31.9504105
115.8440432,-31.95041017
115.8768623,-31.950409
115.8491962,-31.9504085
115.8763968,-31.9504085
115.8763755,-31.950408
115.8440757,-31.9504075
115.8438613,-31.950406
115.8764503,-31.9504055
115.8440792,-31.95040517
115.8763717,-31.95040517
115.876373,-31.95040467
115.8764028,-31.9504045
115.844054,-31.95040417
115.8763838,-31.95040417
115.8763813,-31.9504035
115.8620875,-31.95040333
115.8763783,-31.95040317
115.8763828,-31.95040317
115.8763787,-31.95040117
115.8439642,-31.9504005
115.8496968,-31.9504005
115.8763748,-31.9504005
115.8764347,-31.95040017
115.8439762,-31.9504
115.8439733,-31.95039983
115.8440728,-31.950399
115.8440717,-31.9503985
115.844157,-31.95039833
115.8441552,-31.950398
115.876415,-31.95039767
115.8440302,-31.95039717
115.8440347,-31.950397
115.8439773,-31.95039617
115.8768868,-31.95039583
115.8763655,-31.9503955
115.8439458,-31.950395
115.8767583,-31.95039467
115.843895,-31.9503945
115.844152,-31.9503935
115.8440202,-31.950393
115.8441547,-31.950393
115.8439208,-31.9503925
115.8440607,-31.95039133
115.8439977,-31.9503895
115.8440108,-31.95038667
115.844149,-31.95038067
115.844047,-31.95037983
115.8440015,-31.95037917
115.8440238,-31.950378
115.8440967,-31.95037783
115.8440528,-31.9503775
115.843998,-31.95037633
115.8440298,-31.95037367
115.8441663,-31.9503735
115.8439938,-31.950373
115.8473448,-31.950373
115.851154,-31.95037267
115.8511573,-31.95037083
115.8439952,-31.9503705
115.8511545,-31.9503705
115.8591882,-31.95036983
115.8511637,-31.95036917
115.8440023,-31.95036783
115.8511512,-31.9503665
115.8511688,-31.95036583
115.8440025,-31.95036283
115.8439853,-31.95036267
115.8511692,-31.9503625
115.8511738,-31.95036067
115.8439907,-31.95036017
115.8511733,-31.95035983
115.8511775,-31.9503565
115.8511773,-31.95035567
115.8511687,-31.9503545
115.8439863,-31.9503535
115.8441705,-31.95035083
115.8439872,-31.95034867
115.8511757,-31.95034683
115.8439887,-31.95034617
115.8510927,-31.9503445
115.843981,-31.9503395
115.8439918,-31.95033867
115.8441595,-31.9503385
115.8511842,-31.95033633
115.8439847,-31.950333
115.8439837,-31.9503325
115.8686348,-31.950331
115.8439932,-31.95033083
115.8439883,-31.9503305
115.8439863,-31.95032917
115.8441917,-31.95032783
115.851489,-31.95032333
115.851195,-31.95032217
115.8438718,-31.95032083
115.8512097,-31.9503055
115.8512257,-31.95028567
115.859122,-31.9502815
115.8559253,-31.95027617
115.8512675,-31.95027317
115.8512698,-31.95027017
115.8512713,-31.9502665
115.851241,-31.95026633
115.8512687,-31.95026633
115.8512797,-31.9502615
115.8426963,-31.950258
115.851277,-31.9502575
115.8767895,-31.950256
115.8512792,-31.95025517
115.8512708,-31.95025333
115.8512558,-31.95025117
115.851262,-31.95025067
115.850719,-31.9502115
115.858858,-31.95020867
115.8768113,-31.950198
115.8556165,-31.95019667
115.846803,-31.95018683
115.876759,-31.9501555
115.8768372,-31.95015367
115.8622608,-31.95013383
115.8442477,-31.95012433
115.8588038,-31.95010733
115.849257,-31.95010367
115.8498393,-31.950079
115.8687067,-31.95005483
115.8551677,-31.95003933
115.8587045,-31.95002933
115.850144,-31.950024
115.8623835,-31.9500085
115.8414278,-31.94999817
115.8441603,-31.94998883
115.8461807,-31.9499835
115.852448,-31.94994317
115.8768447,-31.9499055
115.8428957,-31.9498975
115.8588378,-31.94988233
115.8588533,-31.9498755
115.8687488,-31.94983617
115.868751,-31.94983017
115.8587963,-31.9498215
115.8441487,-31.94981683
115.8589115,-31.94981083
115.8767815,-31.94978083
115.8624582,-31.94977733
115.8687225,-31.9497725
115.854625,-31.94972717
115.858861,-31.94972283
115.8588645,-31.9497225
115.858861,-31.949722
115.8588652,-31.949721
115.858861,-31.9497205
115.876849,-31.949719
115.858863,-31.94971867
115.8444072,-31.94970983
115.8689405,-31.94970733
115.8689405,-31.94970733
115.8588728,-31.94970417
115.8443193,-31.94969
115.8454167,-31.94968283
115.8684367,-31.94962533
115.8589438,-31.9495975
115.8526818,-31.94959467
115.843068,-31.94955083
115.8416167,-31.949546
115.8442235,-31.94954117
115.8768453,-31.94952333
115.8539042,-31.94951067
115.8444555,-31.949508
115.8496442,-31.94950367
115.859133,-31.94948767
115.8444843,-31.94946367
115.8447132,-31.94944483
115.8768783,-31.9494265
115.8627708,-31.949408
115.8679278,-31.94939567
115.8625967,-31.94938733
115.844474,-31.9493855
115.8532488,-31.94934267
115.8439952,-31.94933767
115.8591238,-31.94931783
115.8528398,-31.949306
115.8767803,-31.94930083
115.8431843,-31.94928083
115.8417542,-31.949228
115.8593353,-31.94922217
115.8440188,-31.9492075
115.8709525,-31.94920083
115.8417565,-31.94917333
115.8417405,-31.94917233
115.841759,-31.94917217
115.8418067,-31.94917167
115.8418048,-31.9491715
115.8417483,-31.94917117
115.8418052,-31.94917017
115.8417537,-31.94917
115.8417845,-31.94916983
115.8418022,-31.94916983
115.8417445,-31.94916967
115.8417763,-31.94916967
115.8417588,-31.94916933
115.8417973,-31.94916917
115.8417373,-31.949169
115.8417605,-31.9491685
115.8417618,-31.949168
115.8417578,-31.94916767
115.8418045,-31.94916683
115.8417417,-31.94916617
115.8417602,-31.94916617
115.8417715,-31.94916617
115.8418002,-31.949166
115.8417678,-31.94916583
115.8417778,-31.949165
115.8418043,-31.949165
115.8417487,-31.949163
115.8417378,-31.94916283
115.8417792,-31.94916233
115.841763,-31.94916217
115.841806,-31.949162
115.841795,-31.94916067
115.8418145,-31.94915917
115.8417965,-31.9491585
115.8417368,-31.94915817
115.8417833,-31.94915767
115.841808,-31.94915767
115.8417805,-31.9491575
115.8417593,-31.94915683
115.8436268,-31.94915667
115.841737,-31.9491565
115.8417803,-31.94915633
115.8418012,-31.94915583
115.8418188,-31.94915567
115.8417868,-31.94915383
115.8418182,-31.94915383
115.8417465,-31.94915317
115.8417943,-31.94915317
115.841804,-31.94915317
115.870341,-31.94915317
115.8417193,-31.949153
115.8417995,-31.94915267
115.841783,-31.94915233
115.8418127,-31.94915183
115.8417582,-31.9491515
115.8418093,-31.9491515
115.841722,-31.94915117
115.8417338,-31.949151
115.8417275,-31.9491505
115.8417195,-31.94914983
115.8417325,-31.94914983
115.8417235,-31.94914967
115.8418177,-31.94914967
115.8417095,-31.9491495
115.8418037,-31.9491495
115.841727,-31.94914933
115.8416937,-31.94914917
115.841751,-31.9491485
115.8418172,-31.94914833
115.8416992,-31.94914817
115.8417293,-31.949148
115.8418218,-31.94914783
115.8417402,-31.949147
115.8418162,-31.94914667
115.8417208,-31.94914617
115.841709,-31.94914583
115.8418053,-31.9491455
115.8417357,-31.94914517
115.841762,-31.94914483
115.841814,-31.94914483
115.8418157,-31.94914467
115.8418165,-31.94914433
115.8416965,-31.949144
115.841703,-31.949144
115.8417282,-31.94914367
115.8417407,-31.9491435
115.841809,-31.94914317
115.8417373,-31.94914283
115.8417295,-31.94914267
115.8417302,-31.9491425
115.8417472,-31.94914233
115.8417507,-31.94914183
115.8417577,-31.94914183
115.8417123,-31.94914117
115.8417548,-31.94914117
115.84175,-31.94914067
115.8416967,-31.94913933
115.841751,-31.94913883
115.841754,-31.94913867
115.8417092,-31.9491375
115.8417458,-31.9491375
115.8417448,-31.949136
115.8417468,-31.94913583
115.841741,-31.949135
115.8417602,-31.949133
115.8592263,-31.94913283
115.8417515,-31.94913233
115.8417323,-31.94913217
115.8417348,-31.94913183
115.8416892,-31.9491315
115.841711,-31.9491315
115.8417695,-31.94913083
115.8417645,-31.94912983
115.8417363,-31.9491295
115.8673315,-31.94912917
115.8417575,-31.949129
115.8417603,-31.94912883
115.8417632,-31.94912833
115.8417715,-31.94912833
115.8416993,-31.94912783
115.8591483,-31.94912767
115.8417527,-31.94912733
115.8417195,-31.94912717
115.8417632,-31.94912417
115.8417642,-31.94912417
115.8417703,-31.94912283
115.8591413,-31.94912233
115.8417188,-31.94912217
115.8416927,-31.94912067
115.8591413,-31.94912067
115.8593123,-31.94912067
115.8417735,-31.94911917
115.841689,-31.94911883
115.8417002,-31.94911717
115.8417277,-31.94911683
115.841709,-31.9491165
115.8417273,-31.9491155
115.8417723,-31.94911467
115.8417985,-31.94911317
115.859147,-31.949113
115.8591427,-31.9491125
115.8418237,-31.94911233
115.8593213,-31.94911217
115.8417457,-31.94911183
115.8416958,-31.94911167
115.8417732,-31.94911167
115.8591775,-31.94911133
115.8417843,-31.94911117
115.8416825,-31.949111
115.8591512,-31.94911
115.8416987,-31.94910967
115.8417125,-31.94910933
115.8417768,-31.94910917
115.8418583,-31.949109
115.841767,-31.94910783
115.8417717,-31.94910783
115.8416818,-31.94910733
115.8417655,-31.94910733
115.84177,-31.94910733
115.8417703,-31.949106
115.8591273,-31.94910583
115.8591638,-31.94910483
115.8416803,-31.94910417
115.8418987,-31.949104
115.8416797,-31.94910133
115.8416827,-31.94909933
115.8590843,-31.949099
115.8419458,-31.9490985
115.841689,-31.94909617
115.8591825,-31.94909167
115.8417035,-31.9490915
115.8591812,-31.9490915
115.8591778,-31.94909133
115.8419903,-31.949091
115.8416943,-31.94909
115.8420037,-31.9490885
115.8416983,-31.94908783
115.8591423,-31.94908717
115.8417028,-31.94908517
115.8591705,-31.94907917
115.859179,-31.94907867
115.8420445,-31.94907583
115.8592473,-31.94907367
115.8591895,-31.94907283
115.859188,-31.94907183
115.8591635,-31.9490695
115.8591455,-31.949068
115.8591612,-31.94906483
115.8591527,-31.949063
115.8432905,-31.94906267
115.8591572,-31.94905917
115.859159,-31.94905783
115.8591558,-31.949057
115.859151,-31.94905683
115.8591628,-31.94905383
115.8591627,-31.94905317
115.8591533,-31.94905267
115.8768427,-31.9490525
115.8591508,-31.949052
115.8590665,-31.949049
115.8590383,-31.94904667
115.859156,-31.94904417
115.8590225,-31.9490435
115.859043,-31.9490425
115.8590018,-31.94903817
115.8590092,-31.94903817
115.859153,-31.94903433
115.858991,-31.949034
115.8434623,-31.94903317
115.859151,-31.94902817
115.8768593,-31.949028
115.8590488,-31.94902733
115.8420905,-31.9490215
115.8589735,-31.94902133
115.8591705,-31.949016
115.8591445,-31.9490155
115.8591415,-31.94900117
115.8589493,-31.948998
115.8716583,-31.948984
115.8589193,-31.948983
115.8699542,-31.94897433
115.8430705,-31.948974
115.8588448,-31.948971
115.859052,-31.948963
115.8629072,-31.94894217
115.8498423,-31.94894167
115.85902,-31.94893867
115.8589985,-31.94891767
115.8589612,-31.94889283
115.8589222,-31.94887683
115.8588642,-31.9488495
115.8667255,-31.948846
115.8588043,-31.948835
115.863117,-31.94882317
115.8587515,-31.9488215
115.8421653,-31.948815
115.8425102,-31.9487885
115.8767835,-31.94878133
115.8584787,-31.9487675
115.8584267,-31.94874567
115.863066,-31.94874267
115.8631067,-31.94871283
115.8768792,-31.94870367
115.8698938,-31.94869517
115.8631495,-31.94868867
115.8631792,-31.94867617
115.8582335,-31.94867017
115.8631938,-31.94866483
115.8631985,-31.9486565
115.8632002,-31.94864783
115.8631902,-31.9486385
115.8631832,-31.94862783
115.8631863,-31.94862067
115.8631945,-31.94861367
115.8631988,-31.94860717
115.8631978,-31.94860683
115.8723737,-31.94860633
115.8500903,-31.94860533
115.8661337,-31.94856667
115.8697958,-31.9485635
115.8768283,-31.94854117
115.863247,-31.9485325
115.8578117,-31.948503
115.8579022,-31.94846317
115.8768778,-31.948363
115.8575487,-31.94836083
115.8656712,-31.94833167
115.85745,-31.948304
115.8574392,-31.9483025
115.8574392,-31.94830017
115.8574565,-31.94829867
115.857427,-31.948296
115.8574238,-31.9482945
115.8574565,-31.94829433
115.8574473,-31.94829133
115.8574275,-31.948291
115.8574258,-31.9482905
115.8767845,-31.94828667
115.857425,-31.94827933
115.8574242,-31.9482755
115.863385,-31.9482735
115.857419,-31.94826483
115.8655043,-31.94825467
115.8701617,-31.94825467
115.8634823,-31.948254
115.8574075,-31.94824783
115.8655068,-31.94824167
115.857389,-31.9482325
115.865508,-31.94822683
115.8492213,-31.9482245
115.8731905,-31.94821467
115.8573778,-31.94820683
115.865515,-31.94820483
115.8573762,-31.94819817
115.8573768,-31.948183
115.8598157,-31.94818283
115.859685,-31.94817617
115.8573765,-31.9481695
115.8596928,-31.94816117
115.8653722,-31.94813283
115.857213,-31.94812817
115.876804,-31.94812367
115.8573102,-31.94810767
115.8487,-31.9480965
115.876889,-31.94809433
115.8767618,-31.9480865
115.85963,-31.94808517
115.8767667,-31.94808167
115.8767698,-31.94807717
115.8767755,-31.94807417
115.8767765,-31.9480735
115.8767723,-31.94807233
115.8767768,-31.94807033
115.8767763,-31.94806683
115.8767755,-31.948064
115.8767778,-31.94806183
115.8767817,-31.9480605
115.8767857,-31.948058
115.876793,-31.9480575
115.8767912,-31.94805633
115.8495382,-31.9480375
115.8570902,-31.94801283
115.8569682,-31.94800717
115.8649872,-31.9479815
115.8767655,-31.947966
115.8767635,-31.94796267
115.850272,-31.94795133
115.8635742,-31.94793017
115.8740967,-31.94790683
115.8568012,-31.9478995
115.8568423,-31.94788517
115.8592322,-31.9478825
115.84804,-31.94787967
115.8600645,-31.94787317
115.8637513,-31.9478535
115.8637288,-31.94781517
115.8637118,-31.947814
115.8637677,-31.94780933
115.8636955,-31.94780833
115.8636612,-31.94780717
115.8637815,-31.9478045
115.8637815,-31.94780367
115.8637772,-31.9478025
115.8637818,-31.947797
115.8473145,-31.94779617
115.8637842,-31.94779583
115.8645803,-31.9477945
115.8637702,-31.94779317
115.8637827,-31.9477925
115.8637778,-31.9477895
115.8768967,-31.94778683
115.863804,-31.947756
115.8568817,-31.947745
115.864338,-31.9477375
115.863813,-31.94773533
115.8643618,-31.94772267
115.8705353,-31.94771783
115.8638215,-31.94771517
115.8638173,-31.94770667
115.8638267,-31.94769867
115.8642123,-31.947689
115.8504403,-31.94768833
115.8569438,-31.94767917
115.8638352,-31.94767133
115.8587507,-31.94764533
115.87499,-31.94764483
115.876763,-31.94761417
115.8768975,-31.94760933
115.8767438,-31.9475925
115.8467385,-31.94758967
115.8795965,-31.94756333
115.849569,-31.947561
115.8638603,-31.9475495
115.8806647,-31.94754217
115.8638838,-31.94753917
115.8786055,-31.9475095
115.8603133,-31.94749717
115.8817817,-31.947479
115.858346,-31.94747367
115.8570518,-31.94746833
115.8463685,-31.94743467
115.8707063,-31.94741617
115.8581068,-31.9474145
115.8758117,-31.947409
115.8829365,-31.94740817
115.8581228,-31.94740633
115.8635562,-31.94740633
115.8581042,-31.94740617
115.8581225,-31.94740617
115.858126,-31.9474045
115.8581285,-31.9474035
115.8581177,-31.94740267
115.8581332,-31.94739917
115.8580987,-31.94739833
115.8580975,-31.94739733
115.8581355,-31.94739433
115.876885,-31.94739183
115.858133,-31.94739083
115.858136,-31.9473905
115.8581363,-31.94738983
115.8581412,-31.94738883
115.858138,-31.947388
115.8604215,-31.94738467
115.8580765,-31.94738383
115.8581537,-31.94738167
115.8581642,-31.94737983
115.8604527,-31.94735533
115.845995,-31.94735133
115.8640463,-31.94734933
115.8634503,-31.947332
115.8767573,-31.94733083
115.8841078,-31.94733067
115.8767722,-31.94732983
115.8767683,-31.9473245
115.8767622,-31.94731933
115.860483,-31.94730933
115.8777773,-31.94730667
115.8579037,-31.94726633
115.85785,-31.947265
115.8578497,-31.94726367
115.8578497,-31.94726333
115.8768932,-31.94726333
115.8578495,-31.94726183
115.8578503,-31.94725817
115.8578505,-31.94725667
115.8578492,-31.94725383
115.8578505,-31.94725117
115.8764102,-31.94724883
115.8578492,-31.947245
115.857848,-31.94722767
115.8766027,-31.9472245
115.8766247,-31.94722167
115.8766212,-31.9472215
115.8766265,-31.94722083
115.857256,-31.947217
115.8709673,-31.94721333
115.8767133,-31.94721167
115.8768225,-31.9472115
115.8578447,-31.94720367
115.8620797,-31.94719217
115.8620672,-31.94719167
115.8620537,-31.94718667
115.8620867,-31.9471855
115.8620517,-31.947183
115.8620497,-31.94718283
115.8604145,-31.947179
115.8771752,-31.94717817
115.8578428,-31.94717217
115.8572563,-31.94716867
115.8630883,-31.94716333
115.8620232,-31.947163
115.8620018,-31.9471515
115.8602888,-31.9471475
115.8619953,-31.9471445
115.8620743,-31.94714317
115.8605063,-31.94714267
115.8619898,-31.94714267
115.8577942,-31.94713817
115.8602622,-31.94713817
115.8619717,-31.94713767
115.8619535,-31.94713467
115.8605337,-31.947134
115.8619495,-31.94712217
115.8619497,-31.94710933
115.8605392,-31.94710917
115.8629778,-31.94710433
115.8605647,-31.94710333
115.8619638,-31.9470915
115.86196,-31.947088
115.8619922,-31.94708533
115.8619847,-31.94708483
115.8619945,-31.94708433
115.8620535,-31.947082
115.861988,-31.9470785
115.8619748,-31.94707833
115.8768898,-31.9470715
115.8620873,-31.9470705
115.849617,-31.94706783
115.8452232,-31.94706767
115.8619942,-31.947066
115.8620017,-31.94706433
115.8768927,-31.94706317
115.8768942,-31.94706233
115.876893,-31.94705883
115.8620018,-31.9470585
115.8620047,-31.94705617
115.8620023,-31.94705183
115.87689,-31.94705133
115.86202,-31.94704733
115.8768868,-31.94704733
115.8620237,-31.94704567
115.8768797,-31.947044
115.8768707,-31.947041
115.8575012,-31.94703883
115.8620363,-31.9470385
115.8767318,-31.9470375
115.8768667,-31.94702933
115.8601263,-31.9470285
115.8768628,-31.94702217
115.8768565,-31.94701683
115.8573165,-31.94700767
115.8606368,-31.94698517
115.8573347,-31.94698383
115.8572363,-31.9469595
115.8571873,-31.94695283
115.857174,-31.9469365
115.8504643,-31.946935
115.8571062,-31.94692633
115.8597755,-31.94691267
115.8571622,-31.94691
115.8571587,-31.9469095
115.8571635,-31.94690767
115.8598177,-31.946907
115.8571555,-31.94690583
115.8570745,-31.946905
115.8570745,-31.94690433
115.8570767,-31.94690367
115.857164,-31.94690317
115.8570673,-31.9469005
115.8570812,-31.9469005
115.8571555,-31.94689883
115.8571647,-31.946898
115.8571438,-31.9468975
115.8571383,-31.94689717
115.8571408,-31.94689717
115.8570867,-31.94689667
115.8571358,-31.9468965
115.8571437,-31.94689633
115.8571352,-31.9468945
115.8768463,-31.94689383
115.8571575,-31.94689333
115.8571422,-31.94689267
115.8571338,-31.94689217
115.8570927,-31.94689183
115.8570948,-31.94689117
115.85717,-31.946891
115.8571715,-31.94688967
115.8571308,-31.946889
115.8571412,-31.94688817
115.8571768,-31.946888
115.8571048,-31.94688733
115.8571585,-31.94688733
115.857234,-31.946887
115.8572367,-31.94688683
115.8570722,-31.94688633
115.8572352,-31.946885
115.8620587,-31.94688467
115.8571305,-31.9468845
115.857231,-31.94688333
115.8571568,-31.946881
115.8571838,-31.94688017
115.8572298,-31.94687983
115.8571388,-31.94687883
115.8571315,-31.94687867
115.8625767,-31.94687717
115.8572175,-31.94687583
115.8624988,-31.94687567
115.8572217,-31.94687333
115.8571383,-31.946873
115.857154,-31.9468725
115.8571333,-31.9468705
115.8571897,-31.9468705
115.8569538,-31.94686833
115.8571365,-31.94686833
115.8572137,-31.9468675
115.8571538,-31.94686517
115.8571457,-31.94686483
115.8571333,-31.94686433
115.8571125,-31.94686417
115.857128,-31.94686317
115.8570927,-31.946863
115.8571248,-31.946863
115.8571352,-31.94686283
115.8571585,-31.94686267
115.8571227,-31.9468625
115.85713,-31.9468625
115.8571327,-31.9468625
115.8571937,-31.9468625
115.8572072,-31.946862
115.8571393,-31.9468615
115.8571192,-31.94686133
115.8571138,-31.94686083
115.8571452,-31.9468605
115.8571338,-31.94686033
115.8572027,-31.94686
115.857183,-31.94685967
115.8572117,-31.9468595
115.8571983,-31.94685933
115.8571063,-31.94685883
115.8571397,-31.94685867
115.8571783,-31.94685833
115.8571973,-31.94685833
115.8571927,-31.94685717
115.8571018,-31.9468565
115.8571348,-31.94685583
115.8571367,-31.94685583
115.8572285,-31.94685567
115.8571455,-31.9468555
115.8571958,-31.94685517
115.8571317,-31.94685483
115.8571958,-31.94685483
115.857132,-31.9468545
115.8571672,-31.94685417
115.857098,-31.94685383
115.8571315,-31.94685383
115.8571792,-31.94685383
115.8571845,-31.94685283
115.8571972,-31.94685183
115.857205,-31.94685133
115.857158,-31.94685117
115.8572113,-31.94685083
115.85722,-31.94685083
115.8570925,-31.94685067
115.8571482,-31.94685067
115.8571883,-31.9468505
115.8571977,-31.9468505
115.8570893,-31.94685033
115.8570915,-31.94685033
115.8572475,-31.94685
115.857198,-31.94684983
115.857204,-31.9468495
115.8570877,-31.94684883
115.8571835,-31.94684833
115.8572278,-31.946848
115.8571132,-31.94684783
115.8572272,-31.94684783
115.8572098,-31.94684617
115.8571375,-31.94684583
115.8571532,-31.94684567
115.857192,-31.94684533
115.8571492,-31.94684517
115.8572285,-31.94684483
115.8571895,-31.946844
115.8572175,-31.946844
115.8572277,-31.946844
115.857224,-31.94684383
115.8571833,-31.94684367
115.8572685,-31.94684333
115.857227,-31.946843
115.8572273,-31.946843
115.8570865,-31.94684283
115.8571325,-31.94684233
115.8572498,-31.94684217
115.8572783,-31.94684167
115.857137,-31.94684083
115.8571572,-31.9468405
115.8572,-31.9468405
115.857183,-31.94684033
115.857141,-31.94683933
115.8571855,-31.94683933
115.8571355,-31.94683917
115.8571298,-31.94683883
115.8623255,-31.94683783
115.8571615,-31.9468375
115.8571385,-31.94683733
115.8571658,-31.94683717
115.8571935,-31.94683683
115.8572903,-31.94683667
115.8571312,-31.94683633
115.8571877,-31.946836
115.8571797,-31.94683583
115.8570872,-31.94683517
115.8571393,-31.946835
115.8571705,-31.94683433
115.8571325,-31.94683383
115.8571735,-31.94683383
115.8571808,-31.94683383
115.857139,-31.94683317
115.8571755,-31.94683317
115.8573023,-31.94683283
115.8571733,-31.94683267
115.8571388,-31.94683233
115.8571753,-31.94683217
115.857134,-31.94683167
115.8571762,-31.9468315
115.8571993,-31.9468315
115.8571403,-31.94683133
115.8571298,-31.94683117
115.8571643,-31.94683017
115.8573063,-31.9468295
115.8573157,-31.94682933
115.8571687,-31.94682917
115.8571737,-31.946829
115.8571722,-31.94682817
115.8571732,-31.9468275
115.8571735,-31.94682733
115.8571742,-31.94682733
115.8571727,-31.94682717
115.857176,-31.94682717
115.8571592,-31.9468265
115.8571763,-31.9468265
115.8571682,-31.94682633
115.8573178,-31.94682617
115.857174,-31.94682583
115.8571755,-31.94682567
115.8570882,-31.94682533
115.8571547,-31.94682533
115.8571618,-31.94682517
115.8571588,-31.946825
115.8571392,-31.94682483
115.8570722,-31.94682383
115.8573203,-31.94682383
115.8571325,-31.94682333
115.8571668,-31.94682217
115.8570885,-31.94682183
115.8571528,-31.94682183
115.8571377,-31.94682067
115.8571967,-31.9468195
115.8570968,-31.94681933
115.8570508,-31.94681683
115.8571325,-31.94681633
115.8571477,-31.94681567
115.8571348,-31.94681517
115.8571058,-31.94681467
115.8570967,-31.94681433
115.8571585,-31.94681333
115.8570842,-31.94681167
115.8571278,-31.94681167
115.8571443,-31.94681033
115.857132,-31.94680983
115.8569113,-31.94680967
115.8571393,-31.94680967
115.8570973,-31.9468095
115.856911,-31.9468085
115.8569185,-31.94680817
115.8569268,-31.94680817
115.8569082,-31.94680767
115.8569127,-31.94680767
115.8569132,-31.94680767
115.856912,-31.9468075
115.8569375,-31.94680717
115.8571027,-31.946807
115.857125,-31.946807
115.8569103,-31.94680683
115.856942,-31.94680567
115.8571938,-31.9468055
115.8570492,-31.94680517
115.8571277,-31.94680517
115.8571248,-31.9468045
115.857017,-31.94680317
115.857136,-31.94680317
115.8569057,-31.946803
115.8569407,-31.946803
115.8571512,-31.94680183
115.8571282,-31.94680117
115.8570277,-31.946801
115.8643738,-31.94680017
115.8569402,-31.94679917
115.8569057,-31.94679717
115.8570672,-31.94679633
115.8569463,-31.946796
115.8569488,-31.94679567
115.85694,-31.94679533
115.8569518,-31.94679533
115.8571487,-31.946795
115.8569517,-31.9467945
115.8571935,-31.9467945
115.856953,-31.946793
115.8569075,-31.946792
115.8571708,-31.946792
115.8568745,-31.94679117
115.857146,-31.9467905
115.8569593,-31.946789
115.8570267,-31.94678867
115.8569558,-31.94678817
115.8570752,-31.94678817
115.8569497,-31.94678733
115.8569557,-31.94678733
115.8569517,-31.94678717
115.8569528,-31.94678683
115.8569597,-31.94678683
115.8569797,-31.9467865
115.8569903,-31.9467865
115.857143,-31.9467865
115.857192,-31.9467865
115.8569495,-31.94678633
115.856968,-31.94678617
115.8570017,-31.946786
115.8569565,-31.94678567
115.857012,-31.9467855
115.8569132,-31.9467845
115.8571472,-31.94678417
115.8569508,-31.946784
115.8569485,-31.9467825
115.8569562,-31.94678217
115.8568792,-31.94678183
115.8571183,-31.94678167
115.8569308,-31.94678033
115.8569477,-31.94678033
115.8569408,-31.94677967
115.8570327,-31.9467795
115.8569497,-31.946779
115.856953,-31.94677883
115.8569427,-31.9467775
115.8568872,-31.94677667
115.8568938,-31.94677667
115.856903,-31.94677617
115.8569478,-31.94677533
115.8569137,-31.946774
115.8569435,-31.94677383
115.8607927,-31.946773
115.856934,-31.94677267
115.8569242,-31.946772
115.862157,-31.94676817
115.859587,-31.94676533
115.8443172,-31.94676483
115.857062,-31.94676083
115.8569513,-31.94676
115.8594412,-31.94675417
115.8505767,-31.94675167
115.8712313,-31.9467385
115.8570713,-31.94673033
115.8570387,-31.946729
115.8570015,-31.946715
115.8570505,-31.94671
115.8570243,-31.94670417
115.857038,-31.946698
115.8570288,-31.946695
115.8570213,-31.94669167
115.8575873,-31.94669033
115.871405,-31.94668683
115.8621148,-31.9466815
115.86201,-31.9466545
115.8566857,-31.94661767
115.8608852,-31.946616
115.8591937,-31.94661433
115.8591633,-31.94659533
115.8567005,-31.94657283
115.8496412,-31.9465705
115.861805,-31.94653983
115.8616193,-31.946468
115.8589665,-31.9464435
115.8615322,-31.94643967
115.8615548,-31.94642917
115.8432172,-31.94642783
115.856318,-31.9464215
115.8610607,-31.94638333
115.8587582,-31.9463625
115.8768702,-31.94635633
115.876775,-31.946332
115.858592,-31.94633133
115.8562915,-31.94632767
115.8612023,-31.94629483
115.8610738,-31.946289
115.8578277,-31.94625483
115.8611945,-31.94624983
115.8612877,-31.94624433
115.8611987,-31.94622617
115.864731,-31.9462225
115.8716762,-31.94619467
115.8611755,-31.94619367
115.8611642,-31.94617617
115.8718398,-31.94617267
115.8611533,-31.94616733
115.8611417,-31.94615683
115.85622,-31.94615133
115.8611358,-31.94614933
115.8611385,-31.946145
115.8610765,-31.94614433
115.8611648,-31.94614433
115.8611522,-31.94614417
115.8611827,-31.946142
115.842365,-31.946137
115.8611945,-31.946133
115.8582372,-31.9461325
115.861155,-31.9461305
115.8583193,-31.94613033
115.8581195,-31.94610633
115.8612142,-31.94610467
115.8562155,-31.94609833
115.8608047,-31.94603617
115.8495862,-31.94602183
115.8611883,-31.94602
115.8606392,-31.9459515
115.8503852,-31.9458995
115.8576743,-31.94587017
115.8415342,-31.94586983
115.8613608,-31.94584933
115.8576818,-31.94583883
115.860302,-31.94582933
115.8505858,-31.945816
115.8720305,-31.94580117
115.8564828,-31.94576433
115.85644,-31.94569883
115.872232,-31.94569017
115.8600418,-31.94567267
115.865073,-31.94567183
115.8770847,-31.94566267
115.861381,-31.94564583
115.8407598,-31.9456195
115.8597865,-31.94560983
115.8379585,-31.94559567
115.8570818,-31.945594
115.8371797,-31.94558383
115.8570993,-31.94556717
115.877106,-31.9455665
115.838791,-31.94553867
115.8362098,-31.94552917
115.835302,-31.94551017
115.8343942,-31.9454865
115.856665,-31.9454335
115.8566945,-31.94543333
115.8400972,-31.94540017
115.8592975,-31.945399
115.8393517,-31.945397
115.8393535,-31.945394
115.8393687,-31.9453895
115.8393392,-31.94538383
115.8593852,-31.94538083
115.8393128,-31.94537817
115.8494037,-31.9453775
115.8725237,-31.94535233
115.8723863,-31.94534833
115.8615058,-31.94533817
115.8616558,-31.945331
115.839613,-31.94532283
115.8611152,-31.94529233
115.8611212,-31.9452895
115.8611093,-31.94528783
115.8611788,-31.9452785
115.8611897,-31.94527667
115.8611627,-31.94527517
115.8611183,-31.9452725
115.8611382,-31.94526967
115.8611293,-31.9452675
115.8611887,-31.9452675
115.8611785,-31.9452505
115.861478,-31.94524517
115.8611402,-31.94523967
115.8611703,-31.94523867
115.8727488,-31.94523867
115.8763602,-31.94523183
115.8611962,-31.9452185
115.8611632,-31.94521533
115.8727627,-31.9452145
115.8763873,-31.94521233
115.8611725,-31.94521117
115.8763592,-31.94521033
115.8611758,-31.9452085
115.8611348,-31.945201
115.8763547,-31.945201
115.8611368,-31.945199
115.876394,-31.9451985
115.8611602,-31.94519467
115.8612142,-31.94519333
115.8611785,-31.94519317
115.8726253,-31.94518933
115.872752,-31.94518783
115.8611553,-31.945187
115.861165,-31.9451835
115.876376,-31.94518233
115.8732672,-31.9451805
115.8763407,-31.9451805
115.876344,-31.94517967
115.8611345,-31.9451795
115.8763437,-31.94517867
115.8763473,-31.94517817
115.873067,-31.94517783
115.8763453,-31.94517683
115.8763768,-31.94517433
115.876348,-31.94517367
115.8611368,-31.94517217
115.8653933,-31.94517183
115.8763218,-31.94517183
115.8763415,-31.94516483
115.8763195,-31.94516467
115.876347,-31.94516433
115.8736572,-31.9451625
115.861766,-31.945162
115.8611725,-31.94515967
115.8612353,-31.94515967
115.8763275,-31.94515817
115.8763052,-31.945154
115.876337,-31.945154
115.8763177,-31.94515383
115.8611995,-31.945153
115.8760343,-31.94515183
115.8760938,-31.94514883
115.8758117,-31.94514683
115.8735703,-31.9451455
115.8742138,-31.945144
115.8761725,-31.94514333
115.876312,-31.94514
115.87631,-31.94513833
115.8759217,-31.94513783
115.8756482,-31.945136
115.8612523,-31.94513583
115.874721,-31.94513433
115.8763127,-31.94513433
115.8763135,-31.94513317
115.8762198,-31.94513233
115.8612455,-31.945132
115.8763468,-31.9451315
115.8763108,-31.94513067
115.8612563,-31.9451305
115.8612503,-31.94512933
115.876309,-31.945128
115.8612558,-31.94512633
115.8763362,-31.94512633
115.8763263,-31.94512533
115.861253,-31.945125
115.8612047,-31.94512367
115.875546,-31.9451225
115.8586668,-31.94512117
115.8611613,-31.945121
115.8763508,-31.9451205
115.8763203,-31.94511967
115.8740747,-31.94511917
115.876317,-31.94511733
115.8759498,-31.94511717
115.8759668,-31.94510733
115.875127,-31.94509933
115.874617,-31.94509717
115.8611317,-31.945097
115.8763347,-31.94509267
115.8587275,-31.9450855
115.877382,-31.94507483
115.8614797,-31.945045
115.8774648,-31.94503667
115.8610897,-31.94503083
115.8787585,-31.94502617
115.8780295,-31.94502117
115.8793738,-31.945005
115.8507115,-31.94494883
115.8500418,-31.94493383
115.8581203,-31.94486517
115.8620322,-31.94485617
115.8619715,-31.94478267
115.8580477,-31.944773
115.8794892,-31.94468383
115.8575902,-31.944617
115.877609,-31.944585
115.865803,-31.9445425
115.8489188,-31.94453783
115.857352,-31.94445917
115.8570537,-31.94437383
115.8623295,-31.94432983
115.8623072,-31.94428917
115.8795247,-31.94423883
115.851141,-31.94421567
115.8777765,-31.944214
115.8565985,-31.94420533
115.8567525,-31.9441955
115.8567382,-31.94418633
115.8567143,-31.944168
115.856722,-31.94416433
115.8567397,-31.94415333
115.878179,-31.94413867
115.8786505,-31.94413067
115.8780693,-31.94412483
115.86607,-31.94411433
115.879256,-31.94410767
115.878049,-31.94410333
115.866057,-31.9441025
115.865763,-31.94408767
115.8780247,-31.944079
115.8780025,-31.94407517
115.8780143,-31.94407317
115.8780082,-31.944073
115.8779982,-31.94407167
115.8779353,-31.94407117
115.8779905,-31.944071
115.8779957,-31.94407067
115.8779962,-31.94407067
115.8779922,-31.94406967
115.8779892,-31.94406833
115.8563142,-31.944068
115.8779943,-31.944068
115.8494657,-31.9440665
115.8779815,-31.9440665
115.8779818,-31.94406633
115.877986,-31.94406633
115.8779827,-31.94406617
115.8779832,-31.94406533
115.8661105,-31.9440485
115.8661387,-31.94402767
115.8568307,-31.94402367
115.865641,-31.94402333
115.856985,-31.94400767
115.8570057,-31.943997
115.866135,-31.9439925
115.856837,-31.943984
115.8570338,-31.94397667
115.8569322,-31.94397267
115.8570257,-31.94397067
115.857056,-31.943969
115.8570975,-31.94395583
115.85704,-31.94395483
115.8571085,-31.9439535
115.85703,-31.94395283
115.8570453,-31.94395217
115.8570385,-31.94395133
115.8570868,-31.94395133
115.8570467,-31.94395083
115.8570703,-31.94395
115.8570203,-31.943945
115.8570048,-31.9439435
115.8570585,-31.9439425
115.8570077,-31.94394217
115.8570892,-31.94394033
115.8570225,-31.94393967
115.8625325,-31.94393867
115.8570855,-31.94393817
115.8569135,-31.943938
115.8570717,-31.9439375
115.8570748,-31.94393483
115.8624463,-31.94392317
115.8569608,-31.9439075
115.8628658,-31.943905
115.862875,-31.94390233
115.8628822,-31.94389967
115.8628215,-31.9438955
115.8628882,-31.94389483
115.8628928,-31.9438885
115.8628948,-31.94388167
115.8560658,-31.94388067
115.8629307,-31.94388017
115.8629015,-31.94387917
115.8629275,-31.94387867
115.8629083,-31.9438775
115.8629213,-31.943877
115.8629253,-31.9438765
115.8653072,-31.94387617
115.8629287,-31.9438755
115.8629175,-31.94387383
115.8629122,-31.94387217
115.8629158,-31.94387033
115.8625093,-31.94386617
115.8482283,-31.943859
115.8626825,-31.94385883
115.8625082,-31.94385583
115.8558403,-31.94384317
115.862757,-31.9438165
115.8626242,-31.943797
115.8662705,-31.94379333
115.8650903,-31.94378033
115.8663355,-31.9436865
115.8626112,-31.94364233
115.8647507,-31.943628
115.8663783,-31.9436215
115.862621,-31.94361383
115.8626335,-31.9436135
115.8626287,-31.9436095
115.862628,-31.94360883
115.862627,-31.94360583
115.8626373,-31.94360383
115.8626433,-31.94359617
115.8627498,-31.94359567
115.8627602,-31.943595
115.862739,-31.94359283
115.8627337,-31.9435895
115.8627748,-31.943589
115.8627307,-31.94358517
115.8553172,-31.943584
115.8516117,-31.9435835
115.8626428,-31.94358117
115.8627183,-31.94357533
115.8626525,-31.9435705
115.8626738,-31.94356467
115.8553568,-31.94355233
115.8664562,-31.943476
115.8644527,-31.9434675
115.8486992,-31.94336017
115.8547962,-31.9433495
115.8641207,-31.94334633
115.8629493,-31.94332983
115.8665818,-31.94332633
115.8629142,-31.94331783
115.8474103,-31.943253
115.8545615,-31.94325
115.8545488,-31.9431745
115.8638545,-31.94316583
115.8543517,-31.9431265
115.8634777,-31.943056
115.8667703,-31.94301983
115.8635217,-31.943007
115.8631483,-31.94299033
115.8631278,-31.94298717
115.851862,-31.942977
115.8634527,-31.94297517
115.8667587,-31.9429615
115.863408,-31.94295867
115.8543873,-31.94285617
115.8668777,-31.942847
115.8544512,-31.9427865
115.8465035,-31.94276633
115.8475697,-31.942728
115.8519467,-31.9424505
115.8671398,-31.94244017
115.8546733,-31.9423825
115.8671312,-31.9423815
115.8672083,-31.94237833
115.854725,-31.94232867
115.8455453,-31.9423065
115.8672388,-31.94227617
115.8672407,-31.94227583
115.8672703,-31.94224133
115.8519238,-31.94207933
115.8674147,-31.94201567
115.8517328,-31.94198583
115.8517397,-31.9419785
115.8516692,-31.94197117
115.8549922,-31.94190333
115.8445535,-31.94185417
115.8550167,-31.94184833
115.8512517,-31.94178583
115.8675195,-31.941772
115.8676588,-31.94171667
115.844903,-31.94170517
115.8552008,-31.94161283
115.8473077,-31.94158417
115.8677542,-31.9415185
115.8506083,-31.941489
115.8470868,-31.94147233
115.8475137,-31.94143517
115.8435335,-31.94137767
115.8554133,-31.941269
115.8469177,-31.941254
115.8554142,-31.94124967
115.8499572,-31.9411885
115.867888,-31.941141
115.8476795,-31.941137
115.8436167,-31.94113117
115.8470625,-31.941062
115.8470745,-31.94105683
115.846978,-31.94105517
115.8470535,-31.94105083
115.847048,-31.94103617
115.8470908,-31.94103183
115.8470358,-31.94102567
115.8470267,-31.9410255
115.8470768,-31.941023
115.8470218,-31.94102067
115.8470763,-31.94102
115.847065,-31.941019
115.8470162,-31.9410185
115.8470902,-31.94101767
115.8470783,-31.94101667
115.847081,-31.94101217
115.8470853,-31.94100817
115.8470885,-31.94100767
115.8470202,-31.94099583
115.8470233,-31.94099483
115.8470228,-31.94098917
115.8470628,-31.94096917
115.8470513,-31.94095567
115.8470283,-31.94094783
115.8681623,-31.94094717
115.8470337,-31.9409445
115.8470557,-31.9409445
115.8470388,-31.94094367
115.8470593,-31.94094367
115.847053,-31.94094167
115.8470485,-31.94093967
115.8493567,-31.94091017
115.8681503,-31.9408885
115.8425218,-31.94085383
115.8478697,-31.94080333
115.8471643,-31.940784
115.8557132,-31.94075883
115.8488758,-31.94068167
115.8558177,-31.94064217
115.8480288,-31.94053217
115.8682592,-31.94051433
115.8472948,-31.94050733
115.8485215,-31.940494
115.848063,-31.940458
115.8424097,-31.94043533
115.8480838,-31.94042667
115.8482507,-31.9403585
115.8685068,-31.94035667
115.8474393,-31.94030933
115.8415513,-31.94025567
115.8685255,-31.94025067
115.8560678,-31.940191
115.847542,-31.9401485
115.8474527,-31.94000433
115.8562157,-31.93998333
115.8686828,-31.9398785
115.8688093,-31.93986133
115.8470568,-31.93982717
115.8688995,-31.93963733
115.8466247,-31.93963667
115.8413137,-31.93962133
115.8564337,-31.93958267
115.8406268,-31.93956083
115.869037,-31.9394915
115.846307,-31.93947517
115.8691645,-31.939396
115.8691508,-31.93936633
115.8460705,-31.93934083
115.8566185,-31.93933633
115.8691497,-31.939317
115.8690727,-31.93928867
115.869034,-31.93926717
115.8690822,-31.93926317
115.8691068,-31.9392555
115.869016,-31.93923767
115.869257,-31.939227
115.8689343,-31.9392255
115.8689753,-31.93922433
115.868933,-31.939217
115.8688933,-31.939197
115.8688618,-31.9391835
115.868849,-31.93918283
115.8688442,-31.939181
115.8688605,-31.93918083
115.8688552,-31.93917917
115.8688378,-31.93917817
115.8688512,-31.93917717
115.8688547,-31.93917583
115.868848,-31.939174
115.8688362,-31.9391725
115.8688375,-31.93917167
115.8688247,-31.93917133
115.8688442,-31.93917083
115.8459145,-31.93916983
115.86884,-31.9391685
115.8688412,-31.9391685
115.8688215,-31.93916717
115.8688378,-31.93916517
115.86882,-31.93916467
115.8688433,-31.93916433
115.8688182,-31.939163
115.8688373,-31.93916267
115.8688478,-31.9391625
115.868843,-31.93916183
115.8688452,-31.939161
115.8688158,-31.93916033
115.8688448,-31.9391595
115.8688402,-31.93915933
115.8688422,-31.93915933
115.8688372,-31.93915917
115.8688413,-31.93915917
115.8688445,-31.939159
115.8688335,-31.93915867
115.86883,-31.93915767
115.8688517,-31.93915733
115.8688127,-31.93915683
115.8688255,-31.93915633
115.8688248,-31.939154
115.8688023,-31.93915317
115.8688103,-31.93915317
115.8687923,-31.939153
115.8688483,-31.939153
115.8688015,-31.93915217
115.868849,-31.93915217
115.8687932,-31.939152
115.8687943,-31.939152
115.8687988,-31.939152
115.868809,-31.93915183
115.8688493,-31.93915167
115.8688022,-31.93915133
115.8688528,-31.93915133
115.8687945,-31.93915117
115.8687968,-31.93915117
115.8688277,-31.93915117
115.8688077,-31.939151
115.8688498,-31.939151
115.8687957,-31.93915083
115.8688493,-31.93915067
115.8688063,-31.93915017
115.8688043,-31.9391495
115.868811,-31.9391495
115.868827,-31.9391495
115.8687993,-31.93914933
115.8687897,-31.9391485
115.8688008,-31.93914833
115.868809,-31.93914833
115.868805,-31.93914817
115.8688115,-31.939148
115.8688188,-31.939148
115.8687935,-31.93914783
115.868827,-31.93914733
115.8688285,-31.939147
115.8688243,-31.93914683
115.8687898,-31.9391465
115.8688287,-31.93914617
115.86883,-31.93914567
115.869249,-31.93907517
115.8693883,-31.939072
115.8567912,-31.93897367
115.8568715,-31.9388985
115.8397738,-31.93877567
115.8460292,-31.93875117
115.8402982,-31.93873967
115.8696038,-31.93873233
115.856739,-31.93867233
115.8695162,-31.9386455
115.8695818,-31.93853617
115.8702365,-31.93847333
115.856548,-31.93844867
115.8702498,-31.93843833
115.8702715,-31.9384375
115.87026,-31.93843667
115.8702717,-31.9384365
115.870272,-31.9384365
115.870278,-31.93843633
115.87026,-31.93843617
115.8702722,-31.93843617
115.8702602,-31.93843583
115.87027,-31.93843583
115.8702615,-31.93843417
115.8702705,-31.93843417
115.8702733,-31.93843417
115.8701543,-31.938434
115.8702687,-31.938433
115.870258,-31.93843267
115.8702632,-31.9384325
115.8702658,-31.93843217
115.8702642,-31.938432
115.8702673,-31.93842967
115.8702757,-31.93842717
115.8702552,-31.938427
115.8702617,-31.93842517
115.8702528,-31.93842233
115.8702685,-31.93842133
115.8702558,-31.9384205
115.8702413,-31.93841867
115.8702515,-31.93841817
115.869791,-31.93841517
115.8702502,-31.93841517
115.8571282,-31.938411
115.8699998,-31.9383875
115.8699178,-31.93831567
115.8697903,-31.93825767
115.8697225,-31.93822883
115.8566925,-31.9381905
115.8700398,-31.93816333
115.857269,-31.93814067
115.8702495,-31.93812317
115.8462047,-31.9380835
115.8571523,-31.93805667
115.8571483,-31.93805533
115.8571418,-31.93805433
115.8571357,-31.9380535
115.8571308,-31.9380505
115.857127,-31.93804383
115.8572665,-31.938043
115.8698402,-31.938037
115.8571235,-31.9380355
115.8567828,-31.93802783
115.8571253,-31.93802583
115.8699152,-31.93802567
115.8567763,-31.93802217
115.8570617,-31.9380145
115.8567625,-31.93801433
115.856759,-31.93800017
115.869919,-31.93799933
115.856759,-31.937982
115.8567572,-31.93796233
115.8567485,-31.9379555
115.8567442,-31.93795517
115.8567503,-31.9379545
115.8567398,-31.93795383
115.8567652,-31.9379525
115.8567395,-31.9379515
115.8567497,-31.9379515
115.8567433,-31.93795117
115.8567578,-31.93795083
115.8567495,-31.93795067
115.8567523,-31.93795017
115.8567558,-31.93794983
115.8567525,-31.93793983
115.8390198,-31.93790533
115.8568393,-31.93790317
115.8569177,-31.93788283
115.8567898,-31.937862
115.8574262,-31.93785217
115.8393873,-31.93778
115.8570323,-31.93771567
115.8700692,-31.9377075
115.8564697,-31.93769133
115.8562717,-31.9376365
115.8576338,-31.93752083
115.8571805,-31.93746567
115.8559662,-31.93746383
115.87028,-31.93745167
115.8703517,-31.937411
115.87029,-31.93739267
115.8702593,-31.93738933
115.8464285,-31.93738583
115.8556153,-31.93734233
115.8703617,-31.93733817
115.8703532,-31.93732283
115.8704073,-31.937322
115.8702808,-31.937293
115.8702813,-31.937292
115.8703687,-31.93728983
115.8702798,-31.93728717
115.8703628,-31.937285
115.8702773,-31.93728383
115.870372,-31.93728017
115.8703572,-31.9372785
115.8702738,-31.93727733
115.8702773,-31.937275
115.8703577,-31.9372745
115.8702803,-31.93727117
115.8702718,-31.937269
115.8702918,-31.93726667
115.8703122,-31.93726583
115.870283,-31.937265
115.8703078,-31.93726333
115.8703005,-31.93726317
115.870311,-31.93725983
115.8702713,-31.93725817
115.8703402,-31.937257
115.8573095,-31.93725033
115.8703087,-31.937249
115.8702722,-31.93724767
115.870329,-31.93724683
115.8703713,-31.937243
115.8703487,-31.93724083
115.8703073,-31.93723983
115.870305,-31.93723383
115.870302,-31.93723333
115.8702745,-31.937233
115.8702993,-31.93723117
115.8703037,-31.93723
115.87031,-31.937229
115.8702782,-31.93722133
115.8703513,-31.93721733
115.8703795,-31.93721633
115.870295,-31.937215
115.8702967,-31.937215
115.8703022,-31.93721367
115.8702855,-31.93721317
115.8702977,-31.9372115
115.8702923,-31.937211
115.8703092,-31.937209
115.8703332,-31.93720867
115.8553785,-31.937199
115.8573908,-31.9371435
115.8574327,-31.93713117
115.8704288,-31.93712933
115.8574417,-31.9371125
115.8704588,-31.93710217
115.8574217,-31.937096
115.8574357,-31.93709483
115.857879,-31.937094
115.8574402,-31.93709083
115.8574425,-31.937089
115.8574422,-31.937086
115.8574332,-31.93708417
115.857434,-31.9370825
115.8574342,-31.93708233
115.8574342,-31.93708233
115.8574295,-31.93707483
115.855013,-31.93707217
115.8574435,-31.9370485
115.838363,-31.93696883
115.870584,-31.936941
115.8547657,-31.93692117
115.8574738,-31.93691083
115.8706298,-31.93691
115.8545608,-31.936854
115.8706665,-31.93677783
115.858055,-31.93676117
115.8580977,-31.93672133
115.8581,-31.93672033
115.8580982,-31.93671917
115.8580993,-31.936719
115.8581037,-31.93671733
115.8580955,-31.93671517
115.8580942,-31.93670867
115.8580988,-31.936707
115.8580987,-31.93670517
115.8581035,-31.93670317
115.8581077,-31.9367
115.846704,-31.93669667
115.8581133,-31.93669167
115.854316,-31.93669033
115.8575848,-31.93668933
115.8542243,-31.93664333
115.858185,-31.9365685
115.8706973,-31.93655667
115.8576552,-31.93655467
115.8704825,-31.936544
115.8706998,-31.93654183
115.8699147,-31.93654133
115.8692645,-31.93654017
115.8576652,-31.93653867
115.8544228,-31.93653817
115.8672288,-31.936537
115.8685447,-31.936534
115.8384715,-31.93652783
115.8678242,-31.93652583
115.8637442,-31.93651717
115.853759,-31.93651683
115.866776,-31.93651367
115.8570788,-31.93650567
115.8651502,-31.93650517
115.8631237,-31.93650483
115.8644312,-31.93650317
115.8564502,-31.93650217
115.8574875,-31.9365015
115.8582562,-31.93650117
115.8530912,-31.93649683
115.8709103,-31.93649683
115.8657855,-31.936495
115.8556975,-31.93649483
115.8664078,-31.936494
115.8662103,-31.93649167
115.8708098,-31.93648883
115.8549603,-31.93648833
115.8528137,-31.9364875
115.8528028,-31.93648667
115.8624107,-31.93648633
115.8523973,-31.93648467
115.8527498,-31.9364845
115.8617688,-31.93648367
115.851813,-31.9364805
115.8581815,-31.93647867
115.8524162,-31.936476
115.8610928,-31.9364755
115.8661423,-31.93647533
115.8661897,-31.9364735
115.8603533,-31.93646983
115.8523763,-31.9364685
115.8523682,-31.93646633
115.8523697,-31.93646567
115.8502507,-31.93646133
115.8509968,-31.936459
115.8596035,-31.93645717
115.8494943,-31.93645667
115.8581653,-31.9364555
115.8523705,-31.936455
115.8478997,-31.936453
115.8487245,-31.936452
115.8495257,-31.9364505
115.8488185,-31.93645017
115.8522675,-31.93645017
115.8552725,-31.93644717
115.8517842,-31.93644667
115.8578595,-31.936445
115.8561325,-31.93644367
115.8545177,-31.93644217
115.857027,-31.9364405
115.8475968,-31.9364395
115.8538775,-31.93643933
115.8481745,-31.93643883
115.8468473,-31.93643833
115.8468713,-31.93643717
115.846878,-31.93643717
115.8465082,-31.93643533
115.847151,-31.9364335
115.8528752,-31.93643233
115.8533213,-31.9364315
115.8589265,-31.93642967
115.8510685,-31.9364235
115.8502713,-31.93642267
115.8450595,-31.93642167
115.8458307,-31.93642017
115.8470883,-31.9364185
115.8444918,-31.93641717
115.84466,-31.93641333
115.846687,-31.93641317
115.8463505,-31.93640367
115.8584413,-31.93640033
115.8445352,-31.93640017
115.844946,-31.93639783
115.8709587,-31.93639783
115.846344,-31.93638733
115.845505,-31.93638533
115.844296,-31.9363745
115.8460998,-31.93637067
115.852634,-31.93634267
115.8584117,-31.93632067
115.852614,-31.93629017
115.8525287,-31.93628833
115.8443513,-31.9362855
115.8446588,-31.9362705
115.8446635,-31.9362705
115.8446548,-31.93625967
115.8446643,-31.93625933
115.844647,-31.936259
115.8446655,-31.9362585
115.8446413,-31.93625467
115.8446388,-31.93625183
115.8446585,-31.93625083
115.8446402,-31.93625033
115.844646,-31.93624683
115.8446408,-31.93624567
115.8446487,-31.93624333
115.8446505,-31.93624283
115.8446488,-31.93624233
115.8446557,-31.93624233
115.844657,-31.9362415
115.844665,-31.93622933
115.8446538,-31.93620217
115.8443797,-31.936193
115.8446013,-31.93618817
115.8710265,-31.936184
115.8710502,-31.93616717
115.8445675,-31.9361625
115.8467973,-31.93600233
115.8377807,-31.935966
115.8712532,-31.93592667
115.8712925,-31.93587783
115.8526077,-31.93587567
115.8585152,-31.93586983
115.8525193,-31.93586567
